Symbol,5D_return,3M_return,1Y_return,score_short,score_medium,score_long
HSCL.NS,-0.017185204990170823,-0.02885682574916759,-0.18893961662234762,0.3231707317073171,0.42276422764227645,0.24796747967479674
ABCAPITAL.NS,0.00923951670220327,0.22540554035704616,0.7797162371659639,0.7947154471544715,0.9390243902439024,0.9878048780487805
BRIGADE.NS,-0.00862548692264886,-0.01503839879812673,-0.30494471580647864,0.5060975609756098,0.4735772357723577,0.09349593495934959
CRAFTSMAN.NS,-0.009929078014184398,0.030486454565586477,0.4121167476972782,0.47764227642276424,0.6463414634146342,0.926829268292683
ANANTRAJ.NS,-0.046889606612801706,0.07972616145666252,-0.21655275493006046,0.032520325203252036,0.7601626016260162,0.21341463414634146
TARIL.NS,-0.08117169403411786,-0.47562939354780337,-0.4684259501805862,0.0020325203252032522,0.0040650406504065045,0.018292682926829267
HEG.NS,-0.01920374707259953,0.04888798557021797,0.04957589396339527,0.2784552845528455,0.6869918699186992,0.6341463414634146
CENTURYPLY.NS,0.0003083374491414466,0.030294029280811628,0.06216433287340093,0.6666666666666666,0.6443089430894309,0.6524390243902439
EMCURE.NS,-0.00630581285256624,0.02170907692003972,0.01962506329792436,0.5508130081300813,0.6178861788617886,0.5873983739837398
IIFL.NS,0.014416336819641216,0.3100238029481178,0.3301060770784842,0.8353658536585366,0.9715447154471545,0.8943089430894309
BLUEJET.NS,-0.014523065386225302,-0.2232681832413483,0.06922254016621647,0.3780487804878049,0.036585365853658534,0.6686991869918699
GMDCLTD.NS,-0.030913921841018405,0.04520732196121853,0.5325405898523122,0.11585365853658537,0.6747967479674797,0.9654471544715447
VENTIVE.NS,-0.02047438903186836,-0.033148850545982315,0.02903387934388613,0.25,0.4105691056910569,0.6077235772357723
PHOENIXLTD.NS,-0.007696740042540207,0.11242229746406214,-0.008666368455183732,0.5203252032520326,0.8170731707317073,0.5304878048780488
FEDERALBNK.NS,0.0164004894882166,0.3518237290208576,0.24127531605102032,0.8536585365853658,0.9857723577235772,0.8373983739837398
LATENTVIEW.NS,-0.04342458606412485,0.09920771215309757,-0.011274235783310787,0.044715447154471545,0.8008130081300813,0.5284552845528455
MANYAVAR.NS,-0.019196335706260746,-0.16403214890546752,-0.5601612714486699,0.2804878048780488,0.08943089430894309,0.012195121951219513
SARDAEN.NS,0.009121618599526869,-0.15766964238067285,0.0689529841710109,0.7926829268292683,0.0975609756097561,0.6666666666666666
FSL.NS,0.004716289460335654,0.00014223300962443365,-0.035815202891930235,0.7154471544715447,0.5223577235772358,0.4898373983739837
JUBLINGREA.NS,-0.0076550489691492776,-0.0091164095371669,-0.08508796328241652,0.5223577235772358,0.49390243902439024,0.43089430894308944
NEULANDLAB.NS,0.024227083709998192,0.1775098732072334,-0.008084144318339986,0.9186991869918699,0.9024390243902439,0.532520325203252
AIAENG.NS,0.007821870147534679,0.27432164313487406,0.10761263592543607,0.7682926829268293,0.9634146341463414,0.7073170731707317
GODREJCP.NS,-0.01581336359602127,-0.09114269973406806,-0.06912358723637592,0.3475609756097561,0.22357723577235772,0.45121951219512196
IDBI.NS,-0.01986364351947075,0.0750053978833351,0.21888846987396235,0.26422764227642276,0.7520325203252033,0.8170731707317073
INDIAMART.NS,-0.004089363178790464,-0.10144475152187277,0.0019071800958865744,0.6077235772357723,0.20528455284552846,0.556910569105691
MAHSEAMLES.NS,-0.0073900194408283715,-0.1061615066723422,-0.13128115884091388,0.532520325203252,0.19308943089430894,0.3597560975609756
GRANULES.NS,0.042171350513014405,0.0895067647785636,0.07432169824069,0.9654471544715447,0.7804878048780488,0.6747967479674797
NIVABUPA.NS,0.0030761450750302058,-0.08469614638306748,-0.08458440472797106,0.6971544715447154,0.241869918699187,0.4329268292682927
CHENNPETRO.NS,0.000981260813334446,0.2694275059416863,0.4231342742723687,0.6808943089430894,0.9613821138211383,0.9308943089430894
MUTHOOTFIN.NS,0.0008243844319239463,0.2790919734120363,0.9710572796384723,0.6788617886178862,0.9654471544715447,0.9959349593495935
KIRLOSENG.NS,0.012525225050107957,0.33951332560834296,0.046082082400977116,0.8211382113821138,0.9817073170731707,0.6300813008130082
AKUMS.NS,0.016328977600752383,-0.07355498740901259,-0.31614404081215086,0.8516260162601627,0.2886178861788618,0.08130081300813008
MAHABANK.NS,-0.04104293372738396,0.08818474872510908,0.029597494766698255,0.052845528455284556,0.7784552845528455,0.6117886178861789
JPPOWER.NS,0.04825735318707736,0.01558437595119724,0.024096337391086797,0.9735772357723578,0.5934959349593496,0.6016260162601627
GODREJPROP.NS,-0.003005318266174185,0.07195981553151144,-0.2698817612444515,0.6239837398373984,0.7378048780487805,0.14634146341463414
INDIANB.NS,-0.037821918323840305,0.24350749912546643,0.4734476578739409,0.06504065040650407,0.9471544715447154,0.9410569105691057
RHIM.NS,-0.0030042787478205472,-0.0036553983094224575,-0.1568976940750737,0.6260162601626016,0.5060975609756098,0.30284552845528456
CHOLAFIN.NS,-0.012466659111887855,0.13005109360697734,0.36040430109372185,0.42276422764227645,0.8516260162601627,0.9085365853658537
KPIL.NS,-0.012243587218972198,-0.05493115646111272,0.04669650476865662,0.42886178861788615,0.3353658536585366,0.6321138211382114
YESBANK.NS,-0.0026269468275631584,0.11996069398982635,0.0930902360774076,0.6341463414634146,0.8373983739837398,0.6951219512195121
AUBANK.NS,0.0005806765335924371,0.3588070766650381,0.595139540526841,0.6727642276422764,0.991869918699187,0.9776422764227642
CAMPUS.NS,0.005530973202371819,0.002573574290556066,-0.07933363370253743,0.7296747967479674,0.5304878048780488,0.4410569105691057
LUPIN.NS,0.013807134790288214,0.07290652818269347,0.015089567941409544,0.8292682926829268,0.7459349593495935,0.5772357723577236
DELHIVERY.NS,-0.04350382128159906,-0.12328917060466967,0.19229080251257671,0.042682926829268296,0.15040650406504066,0.7886178861788617
HINDCOPPER.NS,0.042971149553560975,0.3979137317390009,0.19969176363071586,0.967479674796748,0.9939024390243902,0.8008130081300813
HINDZINC.NS,0.05784430073361803,0.15814969630275802,0.009526021221142392,0.9898373983739838,0.8800813008130082,0.5650406504065041
KARURVYSYA.NS,0.006167202643796312,0.23464503388342053,0.28441491528450236,0.7479674796747967,0.9410569105691057,0.8678861788617886
WELCORP.NS,-0.031516015234217314,-0.04874882587573363,0.0786723208238468,0.10975609756097561,0.35365853658536583,0.6788617886178862
VEDL.NS,0.03804662093791674,0.24503232621091964,0.23393585740966244,0.9573170731707317,0.9491869918699187,0.8272357723577236
JMFINANCIL.NS,0.028549911694750022,-0.20265190595540472,0.11017648977117964,0.9329268292682927,0.04878048780487805,0.7113821138211383
SOBHA.NS,0.0011050124446809393,0.07115031526198082,-0.08816679412023826,0.6849593495934959,0.7317073170731707,0.42276422764227645
BANKBARODA.NS,0.02414036941428403,0.25740969421449905,0.1982375265147078,0.9166666666666666,0.9573170731707317,0.7967479674796748
SBFC.NS,-0.007413672425179523,-0.009922354861180444,0.20316223679848366,0.5304878048780488,0.4878048780487805,0.8028455284552846
NAVA.NS,-0.013505871136060794,-0.256140941277736,0.0016825287917316537,0.3983739837398374,0.02032520325203252,0.5548780487804879
CEATLTD.NS,0.01956273239132001,0.1683892871378515,0.2830080058840711,0.8861788617886179,0.8963414634146342,0.8638211382113821
BHEL.NS,-0.01306521654049552,0.3381035897630684,0.13989756735185355,0.4065040650406504,0.9796747967479674,0.741869918699187
HEROMOTOCO.NS,0.02097219964233458,0.15792384991241817,0.39129471548936934,0.9024390243902439,0.8780487804878049,0.9186991869918699
IDFCFIRSTB.NS,0.020372663225446428,0.11709507348415456,0.2639394581882584,0.8983739837398373,0.8333333333333334,0.8516260162601627
BALKRISIND.NS,0.044861849979803525,0.04692337761716329,-0.14910685201255933,0.9695121951219512,0.6788617886178862,0.32113821138211385
FINPIPE.NS,-0.0351392057307048,-0.1671761554163344,-0.3483292851720958,0.07926829268292683,0.08130081300813008,0.056910569105691054
DBREALTY.NS,-0.05307244435366006,-0.26207253001870684,-0.28395270793253463,0.016260162601626018,0.018292682926829267,0.11991869918699187
PIIND.NS,-0.011741754385365902,-0.08215399747158707,-0.17678205793968071,0.4410569105691057,0.25203252032520324,0.2621951219512195
BEL.NS,-0.005205166347957882,0.10471832346055458,0.32692807270387847,0.5772357723577236,0.806910569105691,0.8922764227642277
HONASA.NS,-0.015020738991147479,-0.049008206730410196,0.08998848564950895,0.3678861788617886,0.3516260162601626,0.6910569105691057
CENTRALBK.NS,-0.022721432442971357,0.06987486254763524,-0.3224621171434501,0.21747967479674796,0.7215447154471545,0.07113821138211382
CHOLAHLDNG.NS,0.029155329273949055,0.07208144009356605,0.19570402607557658,0.9390243902439024,0.7398373983739838,0.7947154471544715
ACMESOLAR.NS,-0.052054166502831886,-0.26611155336048087,-0.2148064139762244,0.02032520325203252,0.014227642276422764,0.21747967479674796
GLENMARK.NS,0.020370357811696244,-0.060404780531862795,0.2751477084358051,0.8963414634146342,0.3231707317073171,0.8577235772357723
PNBHOUSING.NS,-0.012790912972162193,0.12337580833070377,0.021223719561823496,0.4146341463414634,0.8414634146341463,0.5934959349593496
AKZOINDIA.NS,0.021025700743018558,0.01609551913264814,-0.015887547419550244,0.9044715447154471,0.5995934959349594,0.524390243902439
SYRMA.NS,-0.07497353982736016,-0.08264736255426364,0.349556317338612,0.0040650406504065045,0.24796747967479674,0.9004065040650406
MANAPPURAM.NS,-0.022930117041565123,-0.04111719444692873,0.7183370314348493,0.21341463414634146,0.3821138211382114,0.983739837398374
LTF.NS,-0.004866180048661801,0.3110655143803831,1.140280177080807,0.5873983739837398,0.9735772357723578,0.9979674796747967
OBEROIRLTY.NS,-0.019980712361389843,0.007986530008180347,-0.2059513944040028,0.2621951219512195,0.5609756097560976,0.22967479674796748
HINDALCO.NS,0.00328156083724923,0.09059090803779332,0.22259255455783392,0.6991869918699187,0.7845528455284553,0.823170731707317
LEMONTREE.NS,0.05208936163397849,-0.080568430081189,0.23990225147816968,0.9817073170731707,0.258130081300813,0.8353658536585366
CHAMBLFERT.NS,-0.009263456952046929,-0.17600532815290432,-0.14791324028641584,0.4898373983739837,0.07520325203252033,0.3252032520325203
CANBK.NS,-0.0007906900469879424,0.403554221627695,0.4942273526623973,0.6605691056910569,0.9959349593495935,0.9532520325203252
AMBER.NS,-0.011755596226946361,-0.10202123576819752,0.16647552589407064,0.43902439024390244,0.2032520325203252,0.7703252032520326
MINDACORP.NS,0.015510440423727746,0.15633185403778505,0.17735849375199875,0.8455284552845529,0.8739837398373984,0.7784552845528455
SBIN.NS,-0.004419990646943185,0.19744083207932753,0.15697414446834,0.5995934959349594,0.9166666666666666,0.758130081300813
NATIONALUM.NS,0.018061460464652426,0.32255447846567814,0.13054289083749326,0.8699186991869918,0.975609756097561,0.733739837398374
HUDCO.NS,-0.020328130513373493,0.09180502718847605,0.026642596222594697,0.25609756097560976,0.7865853658536586,0.6036585365853658
ALKEM.NS,-0.006418710982150708,0.0588455772113943,0.011824792855386495,0.5487804878048781,0.7012195121951219,0.573170731707317
RKFORGE.NS,-0.038034014160829126,-0.09919136820927454,-0.45587954228850547,0.06300813008130081,0.2073170731707317,0.022357723577235773
IDEA.NS,0.03659741821204831,0.4415405185325353,0.2764920211378833,0.9552845528455285,1.0,0.8597560975609756
INDIACEM.NS,-0.04379473377444489,-0.05517668939863608,0.027646662171274445,0.04065040650406504,0.3333333333333333,0.6056910569105691
ABBOTINDIA.NS,-0.004585597826086957,-0.04325824355207313,0.04472749328722395,0.5934959349593496,0.37601626016260165,0.6260162601626016
ICICIPRULI.NS,-0.020711734837315074,0.02365621132050828,-0.10390022559878004,0.24796747967479674,0.6219512195121951,0.3983739837398374
SHRIRAMFIN.NS,-0.03763040799325922,0.41191293280640895,0.3433382475479823,0.06910569105691057,0.9979674796747967,0.8983739837398373
MANKIND.NS,-0.01871697716726764,-0.1475688759320042,-0.1371356084361072,0.29065040650406504,0.11788617886178862,0.34959349593495936
ADANIPOWER.NS,-0.004658086941616721,0.14534302287609396,0.35464909410400036,0.5914634146341463,0.8719512195121951,0.9044715447154471
COFORGE.NS,0.009475498962894381,0.13908781303557097,0.11604391452305839,0.7987804878048781,0.8638211382113821,0.717479674796748
BAYERCROP.NS,0.006014347079725873,-0.08028389901413052,-0.23300746622515003,0.7398373983739838,0.2601626016260163,0.18699186991869918
KSB.NS,0.005798340034635971,-0.07964709336876327,-0.10153372237283463,0.7378048780487805,0.26422764227642276,0.4024390243902439
J&KBANK.NS,-0.01774982159051684,0.05145964167441686,0.05037039841654008,0.3089430894308943,0.6890243902439024,0.6382113821138211
GODREJAGRO.NS,-0.009504772537945964,-0.19337319349950743,-0.2036875481427987,0.4878048780487805,0.054878048780487805,0.23170731707317074
BSE.NS,-0.03195524035902532,0.20495497995737394,0.8904977980262118,0.1016260162601626,0.926829268292683,0.9939024390243902
SAGILITY.NS,0.013033918985374648,0.16147221204888254,0.41852739168095976,0.8252032520325203,0.8882113821138211,0.9288617886178862
IOB.NS,-0.021672673696136128,-0.01413153296341615,-0.2953168338979949,0.23373983739837398,0.47560975609756095,0.11382113821138211
ABSLAMC.NS,-0.011919457344881318,-0.14917714689436803,-0.1468335019525265,0.4349593495934959,0.10365853658536585,0.3313008130081301
EMAMILTD.NS,-0.017714997730551404,-0.11124953557702338,-0.17274499497810536,0.31097560975609756,0.18089430894308944,0.27235772357723576
SUMICHEM.NS,-0.001961625807388846,-0.19120379024908035,-0.15632666707450815,0.6422764227642277,0.06097560975609756,0.3048780487804878
GICRE.NS,0.003378785686728395,0.05492546772909031,-0.024469079581652,0.7012195121951219,0.6971544715447154,0.508130081300813
CUB.NS,-0.024035546468922916,0.33532335271882774,0.48129444760336637,0.1991869918699187,0.9776422764227642,0.943089430894309
UNIONBANK.NS,0.0047316290725627225,0.2182489555901955,0.27130737457604254,0.717479674796748,0.9349593495934959,0.8556910569105691
ELECON.NS,-0.031828634340941866,-0.13538780328475583,-0.22096428278248337,0.10365853658536585,0.12601626016260162,0.2073170731707317
WHIRLPOOL.NS,-0.0645798741200163,-0.2742852895119413,-0.4660087954169766,0.006097560975609756,0.012195121951219513,0.02032520325203252
ABREL.NS,-0.0018902788038871752,-0.02134231957315361,-0.38884145514934176,0.6463414634146342,0.45528455284552843,0.04065040650406504
POWERINDIA.NS,0.046196898798054865,0.2100711026212459,0.8665989908577709,0.9715447154471545,0.9288617886178862,0.9898373983739838
PNB.NS,-0.0102457278169385,0.18574993261725695,0.17841048817532526,0.46747967479674796,0.9105691056910569,0.7804878048780488
TRIVENI.NS,-0.03400800305957319,0.01578103834699091,-0.1255784905502497,0.08739837398373984,0.5975609756097561,0.3699186991869919
BHARTIHEXA.NS,-0.0131639486058121,-0.00801970578655393,0.25445079290518907,0.40447154471544716,0.49796747967479676,0.8455284552845529
MFSL.NS,-0.026209238711091765,0.05358370928697183,0.4733663164151047,0.17073170731707318,0.6951219512195121,0.9390243902439024
MPHASIS.NS,0.01945192506828766,-0.002628535335104457,-0.038518653183400364,0.8841463414634146,0.5121951219512195,0.4878048780487805
COCHINSHIP.NS,-0.02231505036638574,0.009301485205986539,-0.021679666930862644,0.22560975609756098,0.5650406504065041,0.5121951219512195
UPL.NS,-0.0065247637879592155,0.07059660824862393,0.35073223331708625,0.5467479674796748,0.7276422764227642,0.9024390243902439
AUROPHARMA.NS,-0.020310808111758637,0.15978534616036313,-0.03880044344028486,0.258130081300813,0.8821138211382114,0.48577235772357724
BEML.NS,-0.02684964236033242,-0.11294823983749087,-0.15107500243461514,0.15447154471544716,0.17479674796747968,0.3150406504065041
ATUL.NS,-0.020845640982361382,-0.08645669291338583,-0.21308351664219236,0.2459349593495935,0.23780487804878048,0.21951219512195122
SHYAMMETL.NS,-0.015812945862387358,-0.1474057007295811,-0.02191522502497891,0.34959349593495936,0.11991869918699187,0.5101626016260162
LTFOODS.NS,0.014940085468810125,-0.07430657268447044,-0.0005020626872576935,0.8414634146341463,0.2865853658536585,0.5487804878048781
INDUSTOWER.NS,0.012987012987012988,0.18045548343882528,0.15710654722356002,0.823170731707317,0.9065040650406504,0.7601626016260162
ZENTEC.NS,-0.018823695894924154,-0.03936294222472228,-0.23425255743489856,0.2865853658536585,0.3902439024390244,0.18292682926829268
PRESTIGE.NS,-0.010601947392557652,0.07072023148336443,-0.04085994341649325,0.45528455284552843,0.7296747967479674,0.4796747967479675
NSLNISP.NS,-0.02039378656813433,-0.037983373925963786,-0.13388599138803434,0.25203252032520324,0.3943089430894309,0.35365853658536583
NCC.NS,-0.01975612501039796,-0.16781723278851962,-0.4502764236693653,0.2703252032520325,0.07926829268292683,0.026422764227642278
NBCC.NS,-0.01822516967313677,0.1250946018917102,0.1747022444616914,0.3008130081300813,0.8434959349593496,0.774390243902439
EIDPARRY.NS,-0.001941936064267843,-0.03970478235299417,0.14631427503174788,0.6443089430894309,0.3882113821138211,0.7520325203252033
BANKINDIA.NS,-0.019777825663890133,0.28332008094992833,0.31530020410349613,0.2682926829268293,0.967479674796748,0.8882113821138211
ANGELONE.NS,-0.01975249782219175,0.1599315486542166,-0.10347972927944502,0.27235772357723576,0.8841463414634146,0.40040650406504064
DRREDDY.NS,0.03409907461854128,0.00046462910497214587,0.0617341530591341,0.9512195121951219,0.5264227642276422,0.6504065040650406
SIEMENS.NS,0.009601100132813794,0.04821159210662258,-0.26055340475166,0.8008130081300813,0.6849593495934959,0.15447154471544716
RADICO.NS,0.03221316701507295,0.18286980373402278,0.3699568326499007,0.9451219512195121,0.9085365853658537,0.9105691056910569
SBILIFE.NS,-0.015165888956878273,0.09326024753158638,0.37260646428850913,0.3638211382113821,0.7926829268292683,0.9126016260162602
DIVISLAB.NS,-0.010168708111855789,0.07030403998334027,0.03915973024794036,0.4715447154471545,0.725609756097561,0.6178861788617886
MOTHERSON.NS,0.01911651832608465,0.19763204654532876,0.07470920950141599,0.8780487804878049,0.9186991869918699,0.676829268292683
VOLTAS.NS,-0.034334763948497854,-0.04411247374792581,-0.1958440307387223,0.08130081300813008,0.3719512195121951,0.23983739837398374
JUBLPHARMA.NS,-0.005904796249709185,-0.013788686999324411,-0.10408309769870089,0.5589430894308943,0.47764227642276424,0.39634146341463417
GMRAIRPORT.NS,0.006561036012972473,0.23692697266906926,0.28441572306785423,0.7540650406504065,0.943089430894309,0.8699186991869918
JBMA.NS,-0.012860975318357348,-0.026406043546818907,-0.2406676523223036,0.41260162601626016,0.43089430894308944,0.17479674796747968
INDUSINDBK.NS,-0.007289054651609169,0.1407893645456388,-0.14739316570077848,0.5345528455284553,0.8678861788617886,0.32723577235772355
JWL.NS,-0.03369251205018933,-0.11677350442640837,-0.4219264488932563,0.09146341463414634,0.16869918699186992,0.03048780487804878
ANANDRATHI.NS,0.010416615620977775,-0.0004933558679594825,0.3944142933198514,0.806910569105691,0.5203252032520326,0.9207317073170732
ADANIENSOL.NS,-0.005536599082689974,0.2610628333836554,0.2208019632335199,0.5711382113821138,0.959349593495935,0.8211382113821138
ATGL.NS,-0.004557507273338967,0.01017499003790421,-0.21582597146325444,0.5975609756097561,0.5711382113821138,0.21544715447154472
JBCHEPHARM.NS,0.005469999946306411,0.031172300720088485,0.0014245598282904225,0.7276422764227642,0.6483739837398373,0.5528455284552846
PTCIL.NS,0.018406608637800078,0.354646017699115,0.5414373238673115,0.8739837398373984,0.9898373983739838,0.967479674796748
POONAWALLA.NS,0.016537761143717012,0.09839868762372314,0.3579113595439253,0.8556910569105691,0.7987804878048781,0.9065040650406504
M&MFIN.NS,-0.0092121714828606,0.3396541046282552,0.2942540837105858,0.49390243902439024,0.983739837398374,0.8780487804878049
SAPPHIRE.NS,-0.02516348702171543,-0.23088949411998747,-0.2724046271543618,0.18495934959349594,0.028455284552845527,0.13617886178861788
EIHOTEL.NS,0.00924316733297053,-0.07603629892524534,-0.03422669752353522,0.7967479674796748,0.2804878048780488,0.491869918699187
JUBLFOOD.NS,-0.008077184895517354,-0.09347693421820519,-0.08256731504988986,0.5101626016260162,0.21544715447154472,0.4349593495934959
INDHOTEL.NS,0.012449012808248299,-0.040425500433188266,-0.07476821119180901,0.8170731707317073,0.38414634146341464,0.44308943089430897
BRITANNIA.NS,0.007894962670556938,-0.04395604395604396,0.21180122996986536,0.7703252032520326,0.37398373983739835,0.8089430894308943
ASHOKLEY.NS,0.010954616588419406,0.2038745325545201,0.4071797776299787,0.8089430894308943,0.9247967479674797,0.9227642276422764
UNOMINDA.NS,-0.01874426632757834,0.003037638710103122,0.22912250274697396,0.2886178861788618,0.5365853658536586,0.8252032520325203
DEVYANI.NS,-0.017090895619161762,-0.28080724166769583,-0.1880264134328383,0.32926829268292684,0.01016260162601626,0.25
ONESOURCE.NS,0.030356261711579798,-0.1061051228746794,-0.03929821705957602,0.943089430894309,0.1951219512195122,0.483739837398374
APARINDS.NS,-0.031162866983762506,0.11459840241524624,-0.12579909324733748,0.11178861788617886,0.823170731707317,0.3678861788617886
SBICARD.NS,0.0010789994837940018,0.07566974046183654,0.2549449611615545,0.6829268292682927,0.7540650406504065,0.8475609756097561
NETWEB.NS,-0.02758372519807466,0.05997123899330572,0.1206811842953966,0.1483739837398374,0.7073170731707317,0.7215447154471545
JKCEMENT.NS,-0.019859613079952064,-0.15777859507171754,0.2348370482288712,0.266260162601626,0.09552845528455285,0.8292682926829268
THERMAX.NS,-0.012785669556566149,-0.12350937162259426,-0.39551576304252195,0.4166666666666667,0.1483739837398374,0.036585365853658534
PFIZER.NS,-0.002986251597103918,-0.034620590402435474,-0.04681139666903561,0.6280487804878049,0.40447154471544716,0.46747967479674796
TORNTPHARM.NS,0.010132974967208164,0.034282079617330534,0.13134199570187371,0.8028455284552846,0.6544715447154471,0.7378048780487805
HDFCLIFE.NS,-0.034198992033177764,-0.013007441461661724,0.18813314987619734,0.08333333333333333,0.4796747967479675,0.7865853658536586
FINCABLES.NS,-0.00610367739942704,-0.10630559449471136,-0.34291348856773174,0.5548780487804879,0.1910569105691057,0.05894308943089431
RAILTEL.NS,-0.026448978439656,-0.07336171284634761,-0.18397472659070133,0.16260162601626016,0.29065040650406504,0.2540650406504065
TATASTEEL.NS,-0.0031523152554851046,-0.009163392544473304,0.17038726295943243,0.6178861788617886,0.491869918699187,0.7723577235772358
SAMMAANCAP.NS,-0.04045281576119314,0.09448348688384471,-0.11015686421188267,0.056910569105691054,0.7967479674796748,0.38414634146341464
ETERNAL.NS,-0.0021469658017650704,-0.08357345154879604,0.0795068769509685,0.6382113821138211,0.24390243902439024,0.6808943089430894
DLF.NS,-0.017507598262475395,-0.051124969547429705,-0.15235493480243573,0.3170731707317073,0.3475609756097561,0.3089430894308943
FORCEMOT.NS,0.0212778293135436,-0.027762446186113256,1.54485152389791,0.9065040650406504,0.4268292682926829,1.0
DEEPAKFERT.NS,-0.049336136973814795,-0.07248524519223375,-0.028680321877215312,0.03048780487804878,0.29471544715447157,0.5020325203252033
BAJAJ-AUTO.NS,0.0016625103906899418,-0.03682191196845359,0.011432938741442291,0.6890243902439024,0.39634146341463417,0.5711382113821138
JIOFIN.NS,-0.010442199639624712,-0.025233063161379715,-0.10761605625391495,0.4634146341463415,0.4349593495934959,0.3902439024390244
SAIL.NS,-0.022759018799754758,0.028273493614470683,0.09763258682086752,0.21544715447154472,0.6382113821138211,0.6991869918699187
VBL.NS,0.022041554846156268,0.006533205697609326,-0.22884811271256694,0.9085365853658537,0.5528455284552846,0.1951219512195122
COLPAL.NS,-0.014000896145506146,-0.09789689240283525,-0.24469309562595817,0.3882113821138211,0.21138211382113822,0.17073170731707318
LICHSGFIN.NS,0.0034530202890731485,-0.009685164554090856,-0.11564719484397519,0.7032520325203252,0.4898373983739837,0.3821138211382114
AEGISLOG.NS,0.019981611624970544,0.09374118651169554,-0.06394181399192178,0.8943089430894309,0.7947154471544715,0.45528455284552843
AADHARHFC.NS,-0.004035975813074131,-0.06088995066444221,0.10506372423351437,0.6117886178861789,0.32113821138211385,0.7052845528455285
GODREJIND.NS,-0.010983763132760267,-0.1487875051376901,-0.04022617798867187,0.44715447154471544,0.11178861788617886,0.4817073170731707
ENDURANCE.NS,-0.012210221470481147,-0.11263922391254767,0.12620132782016796,0.43089430894308944,0.17886178861788618,0.7296747967479674
GODIGIT.NS,-0.035445107792723037,-0.01790277892082592,-0.007751885684986034,0.07520325203252033,0.45934959349593496,0.5345528455284553
PCBL.NS,-0.028414262572021207,-0.15999718500309593,-0.25510364559594145,0.13617886178861788,0.09146341463414634,0.16056910569105692
DOMS.NS,0.04936949702172259,0.02262305422742098,-0.0867838989798059,0.9776422764227642,0.6199186991869918,0.4268292682926829
LALPATHLAB.NS,-0.025622105900826777,-0.0423329817045153,0.02935672921412796,0.17886178861788618,0.3780487804878049,0.6097560975609756
DABUR.NS,-0.030049187879169794,-0.06989777420224735,-0.02155733448071753,0.12195121951219512,0.30284552845528456,0.5142276422764228
CARBORUNIV.NS,0.019804274274071675,-0.08255646384036937,-0.37103654403144554,0.8922764227642277,0.25,0.044715447154471545
RBLBANK.NS,-0.028708940519747393,0.1073321421676017,0.8677466378433406,0.13008130081300814,0.8109756097560976,0.991869918699187
PIDILITIND.NS,0.005705292443911748,-0.044740553834813485,-0.05312063098781536,0.733739837398374,0.3678861788617886,0.4613821138211382
NHPC.NS,0.00441850527315613,-0.016291189821414684,-0.03326069030566279,0.7113821138211383,0.46747967479674796,0.49390243902439024
ZENSARTECH.NS,-0.015460796441602536,-0.054444914720266184,-0.03299518801952076,0.35772357723577236,0.3394308943089431,0.4959349593495935
SUNTV.NS,-0.022669094362498345,-0.002351910842377129,-0.2673916017567939,0.21951219512195122,0.5142276422764228,0.1483739837398374
RPOWER.NS,-0.031086795037573015,-0.1644864209297046,-0.004598883699098546,0.11382113821138211,0.08739837398373984,0.540650406504065
RELIANCE.NS,-0.009530525893171066,0.1251998655292833,0.17485420033619362,0.48577235772357724,0.8455284552845529,0.7764227642276422
ADANIGREEN.NS,-0.00804964405925057,0.08381898332389165,-0.22090192736816677,0.5142276422764228,0.766260162601626,0.20934959349593496
BANDHANBNK.NS,0.0013365206432633986,-0.08332319721372619,-0.1372806690403077,0.6869918699186992,0.2459349593495935,0.3475609756097561
LICI.NS,-0.023826728361045543,0.004687293390556263,-0.08177097542891901,0.2032520325203252,0.5426829268292683,0.4369918699186992
SIGNATURE.NS,0.004542707649471717,0.025272771661931818,-0.17443813118846055,0.7134146341463414,0.6280487804878049,0.26422764227642276
TTML.NS,-0.024367154028962446,-0.09370064915449135,-0.35798628359043777,0.19308943089430894,0.21341463414634146,0.04878048780487805
AMBUJACEM.NS,-0.014944435984333976,-0.04774484980899092,-0.042487651239406524,0.37398373983739835,0.3597560975609756,0.47560975609756095
RRKABEL.NS,0.026403187812341765,0.17982590661910752,-0.021550180527841415,0.9207317073170732,0.9044715447154471,0.516260162601626
KFINTECH.NS,0.014265557176794933,-0.017009344030307724,-0.10538978489869932,0.8333333333333334,0.4634146341463415,0.3943089430894309
APLLTD.NS,0.002927071834676329,-0.031724873367102106,-0.16483669971576762,0.6951219512195121,0.41260162601626016,0.2926829268292683
IRB.NS,-0.012268578348008291,0.011051925029999786,-0.22080879629042682,0.4247967479674797,0.5752032520325203,0.21138211382113822
FACT.NS,-0.026425957708355007,-0.11910603706728928,-0.15016109713070136,0.16463414634146342,0.16056910569105692,0.31910569105691056
GLAXO.NS,-0.010160381276403107,-0.11579099707457118,0.043088328198434035,0.4735772357723577,0.17276422764227642,0.6219512195121951
MCX.NS,-0.01271044174780565,0.35216448794587135,0.6619170630057527,0.4186991869918699,0.9878048780487805,0.9817073170731707
TATACHEM.NS,-0.023198267862666256,-0.16503621152511336,-0.29721242262373954,0.21138211382113822,0.08536585365853659,0.10975609756097561
AGARWALEYE.NS,-0.017252860553950925,0.21896431175211095,0.2834557645551906,0.32113821138211385,0.9369918699186992,0.8658536585365854
DATAPATTNS.NS,-0.029977118814716073,0.12335984704792251,0.14463198649790474,0.12398373983739837,0.8394308943089431,0.7479674796747967
BHARTIARTL.NS,-0.006853847291869435,0.10952112363736924,0.3073740395719595,0.540650406504065,0.8150406504065041,0.8841463414634146
MMTC.NS,-0.026614078533130744,-0.08096790944416543,-0.26388369272562945,0.15853658536585366,0.25609756097560976,0.15040650406504066
JSWSTEEL.NS,-0.0027571525410893458,0.047894997206032144,0.16191101058792035,0.6321138211382114,0.6829268292682927,0.766260162601626
BAJAJHLDNG.NS,-0.014316201316023475,-0.14728789903551698,0.044871701050842115,0.38414634146341464,0.12195121951219512,0.6280487804878049
PERSISTENT.NS,-0.006685323383084577,0.24517637887351393,0.06391833585828854,0.5426829268292683,0.9512195121951219,0.6544715447154471
ABB.NS,-0.014025379257704418,0.00683959124772089,-0.3089960391075523,0.3861788617886179,0.5548780487804879,0.09146341463414634
INDGN.NS,0.0002864903532506511,-0.04851901290078931,-0.1619134799594764,0.6646341463414634,0.3556910569105691,0.29878048780487804
TECHM.NS,0.019340277008561092,0.03798830881966106,-0.09486804229624819,0.8800813008130082,0.6605691056910569,0.41260162601626016
ZYDUSLIFE.NS,0.008695678222526006,-0.08709922102966476,-0.02634159661549252,0.782520325203252,0.23373983739837398,0.5060975609756098
INOXINDIA.NS,-0.028059300875247904,-0.01819104793627432,0.023373862080250794,0.14227642276422764,0.4573170731707317,0.5995934959349594
AFCONS.NS,-0.00547312081390105,-0.06772313878953733,-0.16627121606924036,0.5752032520325203,0.30691056910569103,0.2865853658536585
BATAINDIA.NS,-0.038496151324714976,-0.22181758227472212,-0.3204853629767494,0.06097560975609756,0.03861788617886179,0.07520325203252033
SAREGAMA.NS,-0.043402141597287364,-0.2268960338025291,-0.2478083131686099,0.046747967479674794,0.032520325203252036,0.16666666666666666
MEDANTA.NS,-0.0308,-0.12904385334291876,0.06440899372644199,0.11788617886178862,0.13617886178861788,0.6565040650406504
METROPOLIS.NS,-0.007445336123175328,-0.10634740578370538,-0.07352964741512696,0.5284552845528455,0.18902439024390244,0.44715447154471544
CUMMINSIND.NS,0.0060907309414860306,0.11577766699900299,0.29486398053496227,0.7439024390243902,0.8252032520325203,0.8800813008130082
FLUOROCHEM.NS,-0.02139526785331904,-0.06393433331211205,-0.15993984747796713,0.23983739837398374,0.3130081300813008,0.3008130081300813
WAAREEENER.NS,-0.024369818813375365,-0.03640253669110367,0.164448955909118,0.1910569105691057,0.40040650406504064,0.7682926829268293
BAJAJFINSV.NS,-0.023202762438699308,0.014368169068312963,0.2789501777953138,0.20934959349593496,0.5894308943089431,0.8617886178861789
PETRONET.NS,-0.012958635343531331,0.015603710769932609,-0.1743160790020449,0.40853658536585363,0.5955284552845529,0.2682926829268293
DMART.NS,-0.015173079620268759,-0.1709104981806655,0.030405877045458978,0.3617886178861789,0.07723577235772358,0.6158536585365854
SHREECEM.NS,-0.012894786021304429,-0.1312172353333895,-0.021179124917957575,0.4105691056910569,0.13211382113821138,0.5182926829268293
CIPLA.NS,-0.008851298473768887,-0.025715406703970125,-0.003945178983239303,0.5,0.4329268292682927,0.5447154471544715
NYKAA.NS,-0.01585807857368782,0.0793407096256109,0.5164648969738808,0.34552845528455284,0.758130081300813,0.9613821138211383
IRCON.NS,-0.03249630057937008,-0.08888281021026981,-0.2706556359231652,0.0975609756097561,0.22967479674796748,0.14227642276422764
GRSE.NS,-0.05862924854247971,0.1190430071013206,0.5539705627542769,0.012195121951219513,0.8353658536585366,0.9715447154471545
LODHA.NS,-0.03164445474538059,-0.04469466335967605,-0.13315453562275276,0.10772357723577236,0.3699186991869919,0.3556910569105691
IEX.NS,0.05550040924745468,0.04101918371353381,-0.1513098362060378,0.9857723577235772,0.6666666666666666,0.3130081300813008
JINDALSTEL.NS,-0.01018151554558607,-0.0034812645497817526,0.11529959655244736,0.4695121951219512,0.508130081300813,0.7154471544715447
SUNDARMFIN.NS,-0.00513248208951499,0.018187808635642372,0.1412892596276768,0.5792682926829268,0.6097560975609756,0.7459349593495935
ALKYLAMINE.NS,-0.02826424742987413,-0.18757064545719726,-0.19167393320859583,0.1402439024390244,0.06504065040650407,0.24390243902439024
ASIANPAINT.NS,0.027161247792507864,0.16734924498777873,0.21051382400656848,0.926829268292683,0.8943089430894309,0.806910569105691
ACE.NS,-0.009818847678841301,-0.14889802025957183,-0.28170741113026465,0.4796747967479675,0.10975609756097561,0.12195121951219512
TVSMOTOR.NS,0.04036384309266629,0.02627371502368807,0.43775024678820484,0.9634146341463414,0.6341463414634146,0.9329268292682927
COROMANDEL.NS,-0.02632359408182564,0.03970402629369532,0.305522329431031,0.16666666666666666,0.6646341463414634,0.8821138211382114
NMDC.NS,0.032475457375576666,0.02625233040897068,0.023139783728075475,0.9471544715447154,0.6321138211382114,0.5975609756097561
PATANJALI.NS,-0.015541375768512933,-0.0639711644006839,-0.09548245934955947,0.3556910569105691,0.31097560975609756,0.4105691056910569
NTPC.NS,-0.0019856235966552323,0.016580664153380116,-0.08720813984134332,0.6402439024390244,0.6016260162601627,0.4247967479674797
RAMCOCEM.NS,-0.0014711651980356209,-0.030196296216192582,-0.019462786782982293,0.6504065040650406,0.4186991869918699,0.5223577235772358
BIKAJI.NS,-0.01653933364786963,-0.08835184544009943,-0.12587551530253197,0.3353658536585366,0.23170731707317074,0.36585365853658536
TRITURBINE.NS,-0.016509779699217474,0.03867141455904328,-0.27393340867356963,0.33739837398373984,0.6626016260162602,0.13414634146341464
IRFC.NS,-0.010003393644745352,-0.05649425818739945,-0.20036397557113322,0.47560975609756095,0.32926829268292684,0.23577235772357724
CGPOWER.NS,-0.025984577716691205,-0.10606675123567125,-0.12923091605261028,0.17276422764227642,0.19715447154471544,0.3617886178861789
NIACL.NS,-0.02222353897701776,-0.12507192607939424,-0.1457375578960204,0.22764227642276422,0.1402439024390244,0.3353658536585366
JINDALSAW.NS,-0.013735655759085395,-0.18542558120180086,-0.47639037533712936,0.3943089430894309,0.06910569105691057,0.016260162601626018
HAL.NS,0.0076730685325445665,0.014279321431578356,0.010357975340702038,0.7621951219512195,0.5873983739837398,0.5691056910569106
RAINBOW.NS,-0.005749190711678855,-0.08950386472219879,-0.1810796772130684,0.5650406504065041,0.22764227642276422,0.258130081300813
3MINDIA.NS,-0.007279474735940622,0.12795977943561465,0.13736742062740714,0.5365853658536586,0.8495934959349594,0.7398373983739838
CROMPTON.NS,-0.02418894369807133,-0.1917999616670038,-0.35838609107115577,0.1951219512195122,0.05894308943089431,0.046747967479674794
AXISBANK.NS,-0.020119648435996108,0.19882159565697893,0.08787425392406412,0.2601626016260163,0.9227642276422764,0.6890243902439024
MOTILALOFS.NS,0.018409531224442374,0.06606387364456767,-0.004441151409911118,0.8760162601626016,0.717479674796748,0.5426829268292683
POLYCAB.NS,-0.019253910950661854,0.019741415264840818,-0.004917886621655262,0.27439024390243905,0.6117886178861789,0.5386178861788617
UNITDSPR.NS,-0.006916585739573999,0.10787040804639275,-0.06123896681386494,0.5386178861788617,0.8130081300813008,0.45934959349593496
OLECTRA.NS,-0.018890200708382526,-0.20479645514615125,-0.21195864316463414,0.2845528455284553,0.044715447154471545,0.22357723577235772
BHARATFORG.NS,-0.0173015546293594,0.19201153743727328,0.050365280498047456,0.31910569105691056,0.9126016260162602,0.6361788617886179
SYNGENE.NS,0.004062461853027344,-0.003102699465947097,-0.3112837364151117,0.7073170731707317,0.5101626016260162,0.08943089430894309
NTPCGREEN.NS,-0.03052633185135691,-0.10712557332328802,-0.3519560819138894,0.11991869918699187,0.18495934959349594,0.054878048780487805
GVT&D.NS,0.01687891363619433,0.0717014459086705,0.5945313361502892,0.8617886178861789,0.733739837398374,0.975609756097561
GRASIM.NS,-0.0051094890510948905,-0.025000860111320234,0.008075385796150702,0.5813008130081301,0.4369918699186992,0.5609756097560976
BLUEDART.NS,-0.011217391304347827,-0.007333042339589699,-0.23418101153131388,0.4451219512195122,0.5,0.18495934959349594
UCOBANK.NS,-0.02094751890091481,0.06409807259576193,-0.31805908119607806,0.24390243902439024,0.7154471544715447,0.07926829268292683
CERA.NS,-0.02033105433609212,-0.14177634171329498,-0.2980230143571723,0.2540650406504065,0.12398373983739837,0.10772357723577236
CESC.NS,0.035237675026370624,0.15652211308928693,0.021808705991917355,0.9532520325203252,0.8760162601626016,0.5955284552845529
OLAELEC.NS,-0.02873005020075513,-0.3275948803104499,-0.5917394036080517,0.12804878048780488,0.008130081300813009,0.01016260162601626
MGL.NS,-0.03377265238879736,-0.0765961151602616,-0.061677704815070004,0.08943089430894309,0.2764227642276423,0.4573170731707317
IFCI.NS,-0.005844594604637447,-0.036442604579682444,-0.22151035234881752,0.5630081300813008,0.3983739837398374,0.20528455284552846
ULTRACEMCO.NS,-0.0012912111560643884,-0.07715558383709831,-0.014917549303466008,0.6524390243902439,0.2703252032520325,0.5264227642276422
CCL.NS,-0.011348334093920723,0.10449593721638509,0.23879377318843462,0.44308943089430897,0.8048780487804879,0.8333333333333334
SUPREMEIND.NS,-0.027832203527646003,-0.23914312869185855,-0.2967642382818961,0.14634146341463414,0.024390243902439025,0.11178861788617886
TIMKEN.NS,-0.004949897567223495,0.06833825179870116,-0.08585912428176738,0.5853658536585366,0.7195121951219512,0.42886178861788615
MARUTI.NS,0.016286235301515437,0.05187113569801497,0.4484054785629725,0.8495934959349594,0.693089430894309,0.9349593495934959
LINDEINDIA.NS,-0.0365296803652968,-0.10219712207952963,-0.16578168374576063,0.07317073170731707,0.20121951219512196,0.29065040650406504
SRF.NS,0.0076760735310299295,-0.008797417142321759,0.24134555765295182,0.7642276422764228,0.4959349593495935,0.8394308943089431
MAXHEALTH.NS,-0.0495783226333564,-0.04224136717053007,0.06876223765978372,0.028455284552845527,0.3800813008130081,0.6646341463414634
ABFRL.NS,-0.0018169939533213759,-0.15557749104166027,-0.7568447466635689,0.6483739837398373,0.09959349593495935,0.0020325203252032522
CAMS.NS,-0.005007189936571331,0.00956760486620085,-0.2309775403979794,0.5833333333333334,0.5670731707317073,0.1910569105691057
OIL.NS,0.0004793424822669615,0.07190490871926085,-0.12310312852881998,0.6707317073170732,0.7357723577235772,0.37398373983739835
PGHH.NS,-0.012206572769953052,-0.05713645529912615,-0.1966665983083173,0.4329268292682927,0.32723577235772355,0.23780487804878048
BASF.NS,-0.017644825040754486,-0.11293913127306607,-0.274357498833742,0.3150406504065041,0.17682926829268292,0.13008130081300814
FORTIS.NS,-0.00553082715645533,-0.03433021948618115,0.3110809833442473,0.573170731707317,0.4065040650406504,0.8861788617886179
CHOICEIN.NS,-0.02748060484617497,0.012351240963566473,0.49039003959636984,0.15040650406504066,0.5813008130081301,0.9491869918699187
IGIL.NS,-0.007772076388631166,-0.06638951420603277,-0.2995674537882314,0.5182926829268293,0.3089430894308943,0.1016260162601626
ADANIPORTS.NS,0.0073553613183432185,0.10087618531031574,0.18542345873736735,0.7601626016260162,0.8028455284552846,0.7845528455284553
VMM.NS,-0.008788679736034206,-0.12384114681390333,0.19905303625431287,0.5040650406504065,0.1443089430894309,0.7987804878048781
ICICIGI.NS,-0.007522543904206449,0.07482003219821316,0.043883218185639145,0.524390243902439,0.75,0.6239837398373984
PFC.NS,-0.014514549860491666,-0.0747736340618269,-0.2508972475429959,0.3800813008130081,0.28252032520325204,0.16260162601626016
GILLETTE.NS,-0.0499828825744608,-0.19182603630715464,-0.14010955009173556,0.024390243902439025,0.056910569105691054,0.34146341463414637
ASTRAZEN.NS,0.011114198388441235,0.005748714830578741,0.38780962011708986,0.8109756097560976,0.5487804878048781,0.9166666666666666
ONGC.NS,-0.005573772993244109,0.07459407041237479,-0.02852153311449851,0.5691056910569106,0.7479674796747967,0.5040650406504065
CHALET.NS,0.007812064165350272,-0.12211067185045402,0.01590114025781539,0.766260162601626,0.15447154471544716,0.5792682926829268
FIRSTCRY.NS,-0.02385616925806781,-0.26555199596360585,-0.5088786481224966,0.20121951219512196,0.016260162601626018,0.014227642276422764
HAVELLS.NS,-0.010595254029379754,-0.105664390241051,-0.1870690727977706,0.4573170731707317,0.1991869918699187,0.25203252032520324
HYUNDAI.NS,0.01658384899319801,-0.07044984521756552,0.28525770142259066,0.8577235772357723,0.3008130081300813,0.8719512195121951
KALYANKJIL.NS,0.0057704112952731736,-0.0069965017491254375,-0.31457161231076664,0.7357723577235772,0.5020325203252033,0.08536585365853659
MRPL.NS,-0.017910698187657007,0.2557452561475466,0.009170146552476574,0.3048780487804878,0.9552845528455285,0.5630081300813008
ALOKINDS.NS,-0.016489916775345104,-0.07887470844023375,-0.23952634521066127,0.34146341463414637,0.266260162601626,0.17886178861788618
CANFINHOME.NS,0.03839855387799159,0.23806635963213058,0.11802177505943096,0.959349593495935,0.9451219512195121,0.7195121951219512
UTIAMC.NS,-0.002971010434750145,-0.14895200898405483,-0.09905264867516843,0.6300813008130082,0.10772357723577236,0.40447154471544716
LAURUSLABS.NS,0.02083329657555178,0.13592485865130513,0.7674260305914098,0.9004065040650406,0.8597560975609756,0.9857723577235772
CONCOR.NS,-0.01828614749480391,-0.06343271620733648,-0.38927933771829004,0.29878048780487804,0.3150406504065041,0.03861788617886179
KIMS.NS,0.01799690917152669,-0.0546875,0.1407607347915988,0.8658536585365854,0.33739837398373984,0.7439024390243902
NESTLEIND.NS,-0.01784584266444092,0.03460331005312323,0.11157839569891628,0.30691056910569103,0.6565040650406504,0.7134146341463414
MRF.NS,-0.004585365853658536,0.025001017688312366,0.22057043394520862,0.5955284552845529,0.6260162601626016,0.8191056910569106
APOLLOHOSP.NS,-0.013246841925571868,-0.07667241709794902,0.016618383932649295,0.40040650406504064,0.27439024390243905,0.5813008130081301
KAJARIACER.NS,-0.009240436565508402,-0.1222885609127479,-0.10962149195584368,0.491869918699187,0.1524390243902439,0.3861788617886179
INOXWIND.NS,-0.0058925076584162,-0.09178876470666525,-0.3547637473151593,0.5609756097560976,0.22154471544715448,0.0508130081300813
HINDUNILVR.NS,-0.009177305725868022,-0.07331725407314198,-0.0035473702922008826,0.49796747967479676,0.2926829268292683,0.5467479674796748
DALBHARAT.NS,-0.019215495095121382,-0.17671390678133395,0.03013974485504363,0.2764227642276423,0.07317073170731707,0.6138211382113821
GLAND.NS,0.015783540022547914,-0.061946902654867256,0.00349647045803661,0.8475609756097561,0.31910569105691056,0.5589430894308943
EXIDEIND.NS,0.022532883549447384,-0.11739895982077475,-0.16886327686568203,0.9105691056910569,0.16666666666666666,0.2804878048780488
HDFCAMC.NS,-0.025820877302938434,-0.07623173858359134,0.24922879914620324,0.17682926829268292,0.2784552845528455,0.8414634146341463
RVNL.NS,-0.022030485796984144,-0.045126354619222056,-0.27113889385476503,0.22967479674796748,0.36585365853658536,0.1402439024390244
GRAPHITE.NS,-0.021831259514546685,0.04279668966177908,-0.030955239238552566,0.23170731707317074,0.6686991869918699,0.49796747967479676
INDIGO.NS,-0.04156107450582869,0.006297117516629712,0.2898845962077408,0.0508130081300813,0.5508130081300813,0.8760162601626016
CONCORDBIO.NS,0.004828906358855958,-0.09258673796319483,-0.34249934093827583,0.7195121951219512,0.21951219512195122,0.06097560975609756
ARE&M.NS,0.006400071798470989,-0.0769369709326296,-0.27059759555656965,0.75,0.27235772357723576,0.1443089430894309
ITCHOTELS.NS,-0.018619169368375838,-0.1481602859506788,0.20843753734784942,0.2926829268292683,0.11382113821138211,0.8048780487804879
AARTIIND.NS,-0.005645992556211088,-0.02409795387504027,-0.14702440998915323,0.5670731707317073,0.4410569105691057,0.32926829268292684
UBL.NS,0.00790235584119816,-0.05292031546713947,-0.12165889094601981,0.7723577235772358,0.34146341463414637,0.3780487804878049
SOLARINDS.NS,-0.009735639931101625,-0.047471545886759836,0.2625460621522028,0.483739837398374,0.3617886178861789,0.8495934959349594
HFCL.NS,-0.009798495992645708,0.009705971008735364,-0.4558193434641037,0.4817073170731707,0.5691056910569106,0.024390243902439025
OFSS.NS,-0.0007974970860683394,-0.016966102921640015,-0.31852401959117926,0.6585365853658537,0.4654471544715447,0.07723577235772358
JKTYRE.NS,0.028552350343712486,0.2950428926053776,0.19385282921784686,0.9349593495934959,0.9695121951219512,0.790650406504065
WIPRO.NS,0.015026446692922187,0.016696784122088932,-0.09677692447897539,0.8434959349593496,0.6036585365853658,0.40853658536585363
ASTRAL.NS,-0.037389530931339225,-0.030536514534716327,-0.23073736825320215,0.07113821138211382,0.4166666666666667,0.19308943089430894
PGEL.NS,-0.01383428793499146,0.02014050582788187,-0.239778182027704,0.39227642276422764,0.6138211382113821,0.17682926829268292
360ONE.NS,-0.0008571918574726004,0.12646946264101225,0.01903376262133622,0.6565040650406504,0.8475609756097561,0.5853658536585366
COALINDIA.NS,-0.0030419096246979524,-0.002159975367199448,-0.04285598035842161,0.6219512195121951,0.516260162601626,0.4735772357723577
IREDA.NS,-0.024833000847533634,-0.03377210021477359,-0.32180350303282357,0.18699186991869918,0.40853658536585363,0.07317073170731707
CAPLIPOINT.NS,0.004243777368609887,-0.12910136814230305,-0.16881166583684187,0.709349593495935,0.13414634146341464,0.28252032520325204
TITAN.NS,-0.014398060735491684,0.05977796594096802,0.15780597847830105,0.3821138211382114,0.7052845528455285,0.7621951219512195
LLOYDSME.NS,-0.014728598931037973,-0.08000906368145184,0.14603693107307347,0.37601626016260165,0.2621951219512195,0.75
TECHNOE.NS,-0.045156391258115644,-0.22730767351113,-0.22841519280371733,0.036585365853658534,0.03048780487804878,0.19715447154471544
PAGEIND.NS,-0.035319804777806316,-0.14916513740682844,-0.1743598529592993,0.07723577235772358,0.10569105691056911,0.266260162601626
HCLTECH.NS,0.008287292817679558,0.1601246469064774,-0.09826437122393648,0.7784552845528455,0.8861788617886179,0.4065040650406504
SUNPHARMA.NS,-0.004695354234510665,0.13199730106265672,0.010319597803660489,0.5894308943089431,0.8556910569105691,0.5670731707317073
CDSL.NS,-0.02622182458827943,0.02136998842030426,-0.041469680850434364,0.16869918699186992,0.6158536585365854,0.47764227642276424
GAIL.NS,-0.05620240293546554,0.002948626775203798,-0.09461839920736613,0.014227642276422764,0.5345528455284553,0.4146341463414634
POLICYBZR.NS,0.011334107675912659,0.012061484155882854,-0.05038289361615834,0.8130081300813008,0.5792682926829268,0.4654471544715447
JSWINFRA.NS,0.006114485303555748,-0.0987551867219917,-0.15388416716977987,0.7459349593495935,0.20934959349593496,0.30691056910569103
BALRAMCHIN.NS,-0.004226905220209956,-0.1320421255804452,-0.25909169942847804,0.6016260162601627,0.13008130081300814,0.1565040650406504
TIINDIA.NS,-0.022349177028026856,-0.11997464624980168,-0.2329902133355912,0.22357723577235772,0.15853658536585366,0.18902439024390244
TATAPOWER.NS,-0.01045778781685,0.008579275608762817,-0.08941015411843735,0.4613821138211382,0.5630081300813008,0.4186991869918699
PPLPHARMA.NS,0.0039163680806423755,-0.05570971079447111,-0.3027322260212132,0.7052845528455285,0.3313008130081301,0.09959349593495935
TRIDENT.NS,-0.007452128798689845,-0.004980480041167789,-0.17277621558051462,0.5264227642276422,0.5040650406504065,0.2703252032520325
LT.NS,-0.015779321714625316,0.13954607158687943,0.07058601837299408,0.3516260162601626,0.8658536585365854,0.6727642276422764
STARHEALTH.NS,-0.032586558044806514,0.05181575194912782,-0.020416568408119652,0.09552845528455285,0.6910569105691057,0.5203252032520326
ITC.NS,-0.010759277064744822,-0.024631083737617143,-0.12443458971748811,0.4532520325203252,0.43902439024390244,0.3719512195121951
NH.NS,-0.022498925503449337,0.09282071590427919,0.5038086548437828,0.22154471544715448,0.790650406504065,0.9552845528455285
SUZLON.NS,-0.026579265908634773,-0.06291622969130034,-0.18241590255093584,0.16056910569105692,0.3170731707317073,0.25609756097560976
BAJAJHFL.NS,-0.06426195292949563,-0.11856218652560473,-0.2780137199474536,0.008130081300813009,0.16260162601626016,0.12601626016260162
HBLENGINE.NS,-0.034131068042200854,0.013429404201325826,0.2649738232915725,0.08536585365853659,0.5853658536585366,0.8536585365853658
TCS.NS,0.01246568013080196,0.04530216740209885,-0.23626402596393017,0.8191056910569106,0.676829268292683,0.18089430894308944
EICHERMOT.NS,0.006572367481068724,0.024801803767546732,0.4731282656976065,0.7560975609756098,0.6239837398373984,0.9369918699186992
M&M.NS,0.008502675552345622,0.004382747871621254,0.23619278246944922,0.7804878048780488,0.540650406504065,0.8313008130081301
ICICIBANK.NS,-0.013934709829159427,-0.022013181889728856,0.05731632172038094,0.3902439024390244,0.4532520325203252,0.6443089430894309
NAUKRI.NS,0.03344775716083087,0.02751930285713457,-0.17965681114629475,0.9491869918699187,0.6361788617886179,0.2601626016260163
SONACOMS.NS,-0.008832188420019628,0.1335578002244669,-0.24437327079306412,0.5020325203252033,0.8577235772357723,0.17276422764227642
SONATSOFTW.NS,0.0081221804038936,-0.02249760800841683,-0.432245225597337,0.774390243902439,0.44715447154471544,0.028455284552845527
BIOCON.NS,0.014637823577775077,0.11248285322359397,0.086109812358386,0.8373983739837398,0.8191056910569106,0.6869918699186992
CREDITACC.NS,-0.03855686910645955,0.010727147545700139,0.4880703451080335,0.05894308943089431,0.573170731707317,0.9471544715447154
GUJGASLTD.NS,0.014054711185284514,-0.05274779106560772,-0.17017885117834092,0.8313008130081301,0.3434959349593496,0.2764227642276423
JSL.NS,-0.01585863137602847,-0.011507672747431273,0.0660828188351569,0.3434959349593496,0.48577235772357724,0.6585365853658537
NUVAMA.NS,-0.02403683390886316,0.1316205359350496,0.09338382872379182,0.19715447154471544,0.8536585365853658,0.6971544715447154
JSWENERGY.NS,-0.013217238129162397,-0.04850823555517902,-0.2480706454093293,0.4024390243902439,0.35772357723577236,0.16463414634146342
KOTAKBANK.NS,0.009051321248321982,0.08615589793442513,0.2182153484624831,0.7865853658536586,0.7723577235772358,0.8150406504065041
BAJFINANCE.NS,-0.007835265306315231,0.0815056144748306,0.5460066914541917,0.516260162601626,0.7642276422764228,0.9695121951219512
TORNTPOWER.NS,0.0048747233567299104,0.060615823566350986,-0.20750244582485122,0.7215447154471545,0.709349593495935,0.22764227642276422
BLS.NS,0.00825029201672728,-0.10637414029311527,-0.2254378222866609,0.7764227642276422,0.18699186991869918,0.20121951219512196
USHAMART.NS,0.005695962647962449,0.09017233519998002,0.08479771175482677,0.7317073170731707,0.782520325203252,0.6849593495934959
JYOTHYLAB.NS,-0.03197769824590482,-0.09296250942654619,-0.2760226062085779,0.09959349593495935,0.21747967479674796,0.12804878048780488
TATACONSUM.NS,-0.021397598893334153,0.063682510383018,0.21575040937484327,0.23780487804878048,0.7134146341463414,0.8109756097560976
KAYNES.NS,-0.03364133847672019,-0.24146186888247306,-0.1348486065376275,0.09349593495934959,0.022357723577235773,0.3516260162601626
IRCTC.NS,-0.010976212925699932,-0.03929723943195805,-0.1717778350432731,0.4491869918699187,0.39227642276422764,0.27439024390243905
INTELLECT.NS,0.0230754525669892,0.16868093919358174,0.48498857488647,0.9126016260162602,0.8983739837398373,0.9451219512195121
HDFCBANK.NS,-0.019019328585469293,0.026058087077368786,0.09914678151664348,0.28252032520325204,0.6300813008130082,0.7032520325203252
GPIL.NS,0.0,-0.01758492397756682,0.19402366409209823,0.6626016260162602,0.4613821138211382,0.7926829268292683
ZEEL.NS,-0.006014847180320657,-0.15261600844073897,-0.27953720873436655,0.556910569105691,0.1016260162601626,0.12398373983739837
REDINGTON.NS,-0.0012342641544849271,0.16404299404932926,0.4113817784807388,0.6544715447154471,0.8902439024390244,0.9247967479674797
SKFINDIA.NS,0.0007737941707505803,-0.6052738510020853,-0.6186997141245943,0.6747967479674797,0.0020325203252032522,0.0040650406504065045
TITAGARH.NS,-0.0316806732052929,-0.08196166209233857,-0.31601861125132497,0.10569105691056911,0.2540650406504065,0.08333333333333333
ASTERDM.NS,-0.004056203872910441,0.034243388778519894,0.3862887030169831,0.6097560975609756,0.6524390243902439,0.9146341463414634
BDL.NS,0.01216354192630442,0.06988905546197731,0.3267280421803863,0.8150406504065041,0.7235772357723578,0.8902439024390244
KEC.NS,0.026976592243306848,-0.1859182251811546,-0.34190861071672746,0.9247967479674797,0.06707317073170732,0.06300813008130081
POLYMED.NS,-0.023381111837537907,-0.03996505106630843,-0.31309585467129114,0.20528455284552846,0.3861788617886179,0.08739837398373984
SAILIFE.NS,0.009070696669867045,0.03360018603363871,0.15660759324733203,0.790650406504065,0.6504065040650406,0.7560975609756098
MARICO.NS,-0.017115770950186623,-0.023959027703711604,0.1312319933465014,0.32723577235772355,0.44308943089430897,0.7357723577235772
BPCL.NS,-0.015629317291592226,0.16728713803438877,0.2891698207205698,0.35365853658536583,0.8922764227642277,0.8739837398373984
ZFCVINDIA.NS,0.08629247804505537,0.03620337995337995,0.15057143109904594,0.9979674796747967,0.6585365853658537,0.7540650406504065
GRAVITA.NS,-0.021015708937121094,0.07216496203082151,-0.1642660122773283,0.241869918699187,0.741869918699187,0.29471544715447157
APOLLOTYRE.NS,0.00905677251464485,0.08776491701963579,0.014965133014597688,0.7886178861788617,0.7764227642276422,0.5752032520325203
INFY.NS,0.005298727418570632,0.06282441007212738,-0.1431202241607572,0.725609756097561,0.7113821138211383,0.3394308943089431
NATCOPHARM.NS,0.06247524714139054,0.1169067609817755,-0.3401340674188106,0.991869918699187,0.8313008130081301,0.06504065040650407
GSPL.NS,0.013247262151288202,0.0011746117523040028,-0.17016180271458548,0.8272357723577236,0.5284552845528455,0.2784552845528455
KEI.NS,0.001982664759051863,0.028977938167166612,-0.04434065617901209,0.6910569105691057,0.6422764227642277,0.4695121951219512
DCMSHRIRAM.NS,-0.01180205134961421,-0.022071442350936277,0.06851081224662783,0.4369918699186992,0.45121951219512196,0.6626016260162602
JYOTICNC.NS,-0.05248471551867405,0.08095055264603032,-0.2553779052327186,0.018292682926829267,0.7621951219512195,0.15853658536585366
LTTS.NS,0.02891539702635262,0.10590293350592642,-0.14009773054855273,0.9369918699186992,0.8089430894308943,0.3434959349593496
CGCL.NS,-0.010573170584633246,0.012744541656427444,-0.09193662723674817,0.45934959349593496,0.5833333333333334,0.4166666666666667
BOSCHLTD.NS,0.006470264317180617,-0.11606819006166122,0.060917069826066865,0.7520325203252033,0.17073170731707318,0.6463414634146342
RECLTD.NS,-0.012560352775621118,-0.016106369274747085,-0.3035319694790605,0.42073170731707316,0.4695121951219512,0.0975609756097561
TATAELXSI.NS,-0.0041370021166057345,-0.0680651841181237,-0.26265974196975433,0.6056910569105691,0.3048780487804878,0.1524390243902439
CYIENT.NS,0.0656606237131522,0.01749796976523189,-0.35234377649910864,0.9939024390243902,0.6056910569105691,0.052845528455284556
CRISIL.NS,-0.009188840857180875,-0.11105126665735948,-0.15022215490207858,0.4959349593495935,0.18292682926829268,0.3170731707317073
GODFRYPHLP.NS,-0.04319832614003057,-0.22443729712769286,0.49420469780961296,0.04878048780487805,0.034552845528455285,0.9512195121951219
BSOFT.NS,0.08288735416214207,0.11658685451910254,-0.29946792785638565,0.9959349593495935,0.8292682926829268,0.10365853658536585
NUVOCO.NS,-0.016544878259980484,-0.21312742659352593,-0.030578962181677556,0.3333333333333333,0.04065040650406504,0.5
WELSPUNLIV.NS,0.028217939358801566,0.19282274642710612,-0.13846720453668301,0.9308943089430894,0.9146341463414634,0.34552845528455284
IOC.NS,-0.014956333464114971,0.144884332448019,0.18164201804450553,0.3719512195121951,0.8699186991869918,0.782520325203252
MAZDOCK.NS,-0.012250618467113415,-0.011626499070914774,0.1289456441206152,0.4268292682926829,0.483739837398374,0.7317073170731707
TATATECH.NS,0.008707880629267022,0.007741079188299033,-0.2740840368689872,0.7845528455284553,0.5589430894308943,0.13211382113821138
NAVINFLUOR.NS,0.006887532693984307,0.21170444400796684,0.6139482576653383,0.758130081300813,0.9308943089430894,0.9796747967479674
HOMEFIRST.NS,-0.0030734971016299953,-0.12078449661350514,0.052834492727173776,0.6199186991869918,0.1565040650406504,0.6402439024390244
BBTC.NS,-0.017677454446559694,-0.029866768540560085,-0.2447414593605898,0.3130081300813008,0.42073170731707316,0.16869918699186992
MAPMYINDIA.NS,0.03862375061996876,0.04479324776129209,0.12285664597494235,0.9613821138211383,0.6727642276422764,0.7235772357723578
HINDPETRO.NS,-0.02665085512770724,0.16888915004789834,0.2162148529067729,0.1565040650406504,0.9004065040650406,0.8130081300813008
CASTROLIND.NS,0.0027709456133116436,-0.02831955192854505,-0.04299326201987133,0.693089430894309,0.4247967479674797,0.4715447154471545
LTIM.NS,0.027632561613144136,0.19879424962912315,0.01711362171140067,0.9288617886178862,0.9207317073170732,0.5833333333333334
PAYTM.NS,0.04980281929468072,0.11352639421352062,0.5039885184117767,0.9796747967479674,0.8211382113821138,0.9573170731707317
TEJASNET.NS,0.019352918293453113,-0.12609552206685917,-0.6139645232881071,0.8821138211382114,0.13821138211382114,0.006097560975609756
TBOTEK.NS,-0.003941683168444818,0.0727364399709995,0.1080497222421057,0.6138211382113821,0.7439024390243902,0.709349593495935
TRENT.NS,-0.015025455612601756,-0.19478777426463542,-0.3852616305629055,0.36585365853658536,0.052845528455284556,0.042682926829268296
TATAINVEST.NS,-0.04073556637817755,0.08742434112772424,0.06755395048898961,0.054878048780487805,0.774390243902439,0.6605691056910569
APLAPOLLO.NS,0.004899417764934756,0.028615257125131466,0.12376979402466719,0.7235772357723578,0.6402439024390244,0.725609756097561
MSUMI.NS,0.016857548553708704,-0.04949496490786774,0.1254065428627844,0.8597560975609756,0.34959349593495936,0.7276422764227642
NLCINDIA.NS,-0.027303909480886696,0.015065262338578104,-0.07440473332198053,0.1524390243902439,0.5914634146341463,0.4451219512195122
PRAJIND.NS,-0.021668473191480356,-0.18878341159729048,-0.6108603225669484,0.23577235772357724,0.06300813008130081,0.008130081300813009
AJANTPHARM.NS,0.01750505776380612,0.005088910611772782,-0.12259196741398141,0.8638211382113821,0.5467479674796748,0.37601626016260165
ECLERX.NS,0.05491717954285939,0.09192747838571629,0.3316241547616449,0.983739837398374,0.7886178861788617,0.8963414634146342
SCHAEFFLER.NS,0.01470129393643393,0.004156711304983086,0.09202230220243207,0.8394308943089431,0.5386178861788617,0.693089430894309
NEWGEN.NS,-0.003407735654224651,-0.0007403467130552392,-0.27226731592965087,0.6158536585365854,0.5182926829268293,0.13821138211382114
SJVN.NS,-0.025354970456890294,-0.16621640808999236,-0.33273956195339194,0.18292682926829268,0.08333333333333333,0.06707317073170732
DIXON.NS,-0.017004712149149764,-0.2000663415871009,-0.14621003475412547,0.3313008130081301,0.0508130081300813,0.3333333333333333
HAPPSTMNDS.NS,0.0008044120592948718,-0.11772730769809266,-0.33239339436488596,0.676829268292683,0.16463414634146342,0.06910569105691057
BERGEPAINT.NS,-0.02829108184217656,0.047888991763972016,0.15819315238842638,0.13821138211382114,0.6808943089430894,0.7642276422764228
IPCALAB.NS,0.019770756150385028,0.07840315272641427,-0.05135548406682313,0.8902439024390244,0.7560975609756098,0.4634146341463415
NAM-INDIA.NS,-0.046773286358687896,0.044611280863389925,0.2512412880148744,0.034552845528455285,0.6707317073170732,0.8434959349593496
ENGINERSIN.NS,-0.008204509453479777,-0.03621777860364646,-0.0059985835731978755,0.508130081300813,0.4024390243902439,0.5365853658536586
APTUS.NS,-0.018525158464175497,-0.20395606566166044,-0.13301829369599963,0.2967479674796748,0.046747967479674794,0.35772357723577236
WOCKPHARMA.NS,0.14186285394616382,-0.022494461193211395,0.040253634213988844,1.0,0.4491869918699187,0.6199186991869918
AAVAS.NS,-0.0499809260294621,-0.059938490600210816,-0.10723008140882984,0.026422764227642278,0.3252032520325203,0.39227642276422764
AWL.NS,-0.04400229474433253,-0.027442537798617005,-0.20328443481903788,0.03861788617886179,0.42886178861788615,0.23373983739837398
AFFLE.NS,-0.016495324164100676,-0.20510094947378626,-0.07209111004314259,0.3394308943089431,0.042682926829268296,0.4491869918699187
FIVESTAR.NS,-0.025606302032417875,0.08445786932520469,-0.08882513003792301,0.18089430894308944,0.7682926829268293,0.42073170731707316
KPITTECH.NS,0.029288662283058306,0.01144788043565441,-0.11721690567165692,0.9410569105691057,0.5772357723577236,0.3800813008130081
VGUARD.NS,0.010188959324467374,-0.07215517847257802,-0.21208495565317378,0.8048780487804879,0.2967479674796748,0.22154471544715448
GESHIP.NS,0.006027374964326484,0.13673396354588974,0.020812371137285884,0.741869918699187,0.8617886178861789,0.5914634146341463
BLUESTARCO.NS,-0.008076414268132843,-0.07440821293126447,-0.06497482924990379,0.5121951219512195,0.2845528455284553,0.4532520325203252
ASAHIINDIA.NS,0.019724708254806912,0.2517830971868445,0.5107253406696587,0.8882113821138211,0.9532520325203252,0.959349593495935
VTL.NS,0.0004673182407272196,0.05729808227241891,-0.1519674133257551,0.6686991869918699,0.6991869918699187,0.31097560975609756
IGL.NS,-0.004197864788237613,-0.0525866707313993,0.09771444312148292,0.6036585365853658,0.34552845528455284,0.7012195121951219
SUNDRMFAST.NS,-0.014979362554253294,-0.07762082392421434,-0.1676430545680864,0.3699186991869919,0.2682926829268293,0.2845528455284553
IKS.NS,-0.015330188679245283,0.0595102472617046,-0.14832852039025896,0.3597560975609756,0.7032520325203252,0.3231707317073171
KPRMILL.NS,-0.061771821083802386,0.018112476056463107,0.020288720391631834,0.01016260162601626,0.6077235772357723,0.5894308943089431
SCHNEIDER.NS,0.05643588296929153,-0.1324200913242009,-0.08023718839698248,0.9878048780487805,0.12804878048780488,0.43902439024390244
SWIGGY.NS,0.0267684113976388,-0.09080497984819418,-0.20892697983127737,0.9227642276422764,0.22560975609756098,0.22560975609756098
PREMIERENE.NS,-0.013646012500330842,-0.02278303567984901,-0.19574272793282504,0.39634146341463417,0.4451219512195122,0.241869918699187
ACC.NS,-0.010266255840635773,0.00043241209017342533,-0.1890422399504378,0.4654471544715447,0.524390243902439,0.2459349593495935
SWANCORP.NS,0.018057949362932993,0.005025944741775109,-0.2900597366921772,0.8678861788617886,0.5447154471544715,0.11788617886178862
CLEAN.NS,-0.028636811987134237,-0.23888747191554788,-0.3045407132640033,0.13211382113821138,0.026422764227642278,0.09552845528455285
ADANIENT.NS,-0.0062528149251662975,-0.030584959476417872,-0.10826071158625326,0.5528455284552846,0.4146341463414634,0.3882113821138211
ERIS.NS,-0.029647117397824132,-0.08508771929824561,0.06945517747742809,0.12601626016260162,0.23983739837398374,0.6707317073170732
DEEPAKNTR.NS,-0.023339333793197265,-0.12414468831288522,-0.41777560073185077,0.2073170731707317,0.14227642276422764,0.034552845528455285
PVRINOX.NS,0.049082077194038405,0.007375382993118257,-0.2992554803328793,0.975609756097561,0.556910569105691,0.10569105691056911
TATACOMM.NS,0.018177871591624237,0.21292826400391887,0.053382906812275914,0.8719512195121951,0.9329268292682927,0.6422764227642277
MAHSCOOTER.NS,-0.025926939389793405,-0.17965752374175212,0.518809421851356,0.17479674796747968,0.07113821138211382,0.9634146341463414
SCI.NS,-0.006671021314934346,0.11626477757710986,-0.0001609877199317262,0.5447154471544715,0.8272357723577236,0.5508130081300813
KIRLOSBROS.NS,-0.018551403309413666,-0.15871565140693739,-0.2942426686761693,0.29471544715447157,0.09349593495934959,0.11585365853658537
ELGIEQUIP.NS,0.023969536655557382,0.08570818108618951,-0.22301711037230101,0.9146341463414634,0.7703252032520326,0.2032520325203252
RITES.NS,-0.02443834648158521,-0.12358458657955533,-0.16341409059645592,0.18902439024390244,0.14634146341463414,0.2967479674796748
RCF.NS,-0.03775442023026316,-0.08674860590455608,-0.22773503504468695,0.06707317073170732,0.23577235772357724,0.1991869918699187
HONAUT.NS,-0.010843543162934798,-0.015970860184925748,-0.14439699616988916,0.45121951219512196,0.4715447154471545,0.33739837398373984
RELINFRA.NS,-0.017184238761720563,-0.3860640301318267,-0.4207533634135007,0.3252032520325203,0.006097560975609756,0.032520325203252036
ITI.NS,-0.02849414846582862,-0.012459566678044093,0.06157585993318726,0.13414634146341464,0.4817073170731707,0.6483739837398373
AIIL.NS,-0.05178952369978303,-0.1476264097395175,0.5692899294048279,0.022357723577235773,0.11585365853658537,0.9735772357723578
ESCORTS.NS,-0.0180622691195107,0.002946511414345569,0.08364190498490554,0.30284552845528456,0.532520325203252,0.6829268292682927
POWERGRID.NS,-0.027950398512499496,-0.04694174258965771,-0.16616801790104593,0.1443089430894309,0.3638211382113821,0.2886178861788618
VIJAYA.NS,-0.0023787347093762934,-0.07196200401056022,-0.12828234464787952,0.6361788617886179,0.29878048780487804,0.3638211382113821
