Symbol,Latest_Close,Return_1D,Return_1W,Return_1M,Return_3M,Return_6M,Return_1Y
HSCL.NS,462.25,-3.0414263240692185,6.595181945359988,2.109562079844013,1.10454673187585,-0.4415222586399979,-18.935981669383782
ABCAPITAL.NS,357.1000061035156,-0.459928612260453,0.3794816875658819,5.619639058563872,28.661510289773517,59.30585308242373,79.26707408349024
BRIGADE.NS,860.6500244140625,-2.5476985085210093,-3.28144653289986,-12.178568937340561,-7.302491992196809,-26.645897147808345,-33.781185332134015
CRAFTSMAN.NS,6909.0,-2.724392819429778,-0.6613946800862689,2.0456391699283656,1.0752688172043012,23.755228357074692,39.98042993015735
ANANTRAJ.NS,503.1499938964844,-4.398630901278096,-9.45654438657253,-18.82713338483847,-5.750675862775447,-13.130612687915058,-30.987654961778127
TARIL.NS,240.25,1.414101388697984,-7.400274158287713,-38.69609498808537,-52.57599741305397,-53.939798457598464,-52.87723474397937
HEG.NS,521.2999877929688,0.1536960217038905,0.24999765249399036,-5.131940347048453,4.9738182412153344,0.7525018909572372,-10.502548132112018
CENTURYPLY.NS,788.75,-1.5907673112913288,-3.564008258215344,5.398546900790688,0.1965881050821766,1.1008698448189331,3.3432983012052886
EMCURE.NS,1383.5,-0.9096083380618606,-0.5820620672637609,1.8027961736571008,1.3478884142653884,2.549070472970693,0.5811960836134298
IIFL.NS,554.6500244140625,-2.581883165402225,-4.494184345404649,5.386668683003245,28.316951859817813,29.048403947659722,27.57907404578781
BLUEJET.NS,548.7999877929688,0.7712105022613045,-3.7024101977864556,-8.250444638773725,-22.38787096391058,-40.138775711287934,9.75553606036278
GMDCLTD.NS,489.79998779296875,-4.782277498745244,-9.413727254471217,-18.40746330951271,9.62257047570469,37.44717733761878,39.36655457843173
VENTIVE.NS,713.5499877929688,-1.944485938806994,-1.7892781251693264,-0.9920943933616245,-4.26002958808844,-8.006192827493951,
PHOENIXLTD.NS,1721.0999755859375,-0.23187061947765567,-0.5834089574171184,-2.943668403814888,14.839950624343047,9.001733065004743,-4.49515727468889
FEDERALBNK.NS,257.45001220703125,-0.6751542891912442,-0.386922016934923,8.509659515992949,35.571364129357896,25.57988494184832,20.485881282704764
ADVENTHTL.NS,196.77999877929688,-5.321399996857794,-4.187362887844262,,,,
LATENTVIEW.NS,497.3500061035156,10.301621830958604,6.214630241007074,13.927389763066703,15.918895292803029,19.383101012229815,3.9611230035114993
MANYAVAR.NS,588.6500244140625,-1.4399289386249476,-2.71051379386489,-7.9515208109362785,-19.158139850679085,-25.114413859627643,-55.94101190323912
SARDAEN.NS,474.45001220703125,-0.29420907397862317,-3.68452977498955,-11.292879524344567,-15.23894377721639,9.607282082707691,-0.5039574992813041
FSL.NS,338.3999938964844,-2.4783879260851944,-1.9698777723300347,-0.6021495776302799,-6.415932471082359,-10.428797027403624,-8.965486950521539
JUBLINGREA.NS,657.7999877929688,-4.2921577948414145,-6.436242199797183,0.45815517042259385,-10.118192288478587,-10.113267144137856,-15.564886402230002
NEULANDLAB.NS,16078.0,-4.790667377272459,-1.687660511189923,-9.861523798845097,10.032849712565014,37.83890789611936,-9.834136018760605
AIAENG.NS,3659.5,-2.8227746415055783,-5.152529515907043,12.385604535218459,19.147623766201125,5.896688693812128,6.3144458954498734
GODREJCP.NS,1121.5999755859375,-1.267607782928037,-0.9274799246034385,-0.017835018138616068,-9.538673321394755,-10.652679127183603,-8.382032436509355
IDBI.NS,94.77999877929688,-2.6899411761157968,-4.991984011921923,-5.616410568101958,6.6621630973246635,-4.406348068971147,13.172415929219664
INDIAMART.NS,2273.39990234375,-1.6865594900117087,-2.26560307381441,-7.113384991062309,-11.236922314341069,-0.12889505895838893,-1.968051289075121
MAHSEAMLES.NS,564.7999877929688,-1.2242042933611403,-1.4138656442506037,2.9623553662593465,-12.677798631351708,-18.41640410143091,-22.748770378589906
GRANULES.NS,543.9500122070312,-3.0132770107104543,-4.603647744305731,-1.929146621481689,6.064158740684656,3.11119611077925,-3.7634826606229965
NIVABUPA.NS,75.41999816894531,2.6401670160357447,0.8828197082073035,-0.8023156913658492,-7.186812470783016,-9.252800366901262,-24.580001831054688
CHENNPETRO.NS,929.4500122070312,0.14006224842685613,-0.3537912402003484,-8.545702708758645,34.14881214667043,40.4181051012957,48.584921216795244
MUTHOOTFIN.NS,3775.699951171875,-0.6420922043454602,-0.11111276172342009,16.894735330398607,33.59161751907416,69.90054755040379,97.25465544517719
KIRLOSENG.NS,1096.800048828125,-3.006720775722906,-1.5086141456650952,13.73464785558905,24.608047445714803,24.90495357691992,0.5273301622514757
AKUMS.NS,418.3500061035156,-0.39285568963913686,-1.6341363482089488,-9.123492873497597,-11.497779712286453,-26.746625111602107,-32.89758634817499
MAHABANK.NS,56.220001220703125,-1.3337983988045765,-2.3449687011939733,-5.702780563726783,8.032283304454326,-2.2430831828890363,-0.6602256653467636
JPPOWER.NS,18.290000915527344,-3.3298052760367955,-4.590501602839471,3.8614439614275846,0.6604338950441793,16.94373730200054,-6.778796466952756
GODREJPROP.NS,1975.0999755859375,-5.152705137809792,-5.844495325341803,-7.821905978682388,-1.383067334075377,-13.433560174947468,-30.95624969809397
INDIANB.NS,779.0999755859375,-3.6899729489656465,-9.349006397097867,-10.853027667058901,17.299000491901815,23.639507885705672,33.31448550976957
RHIM.NS,444.0,-0.5933043619605507,-4.669887278582931,-5.762494799575325,-5.348634564337396,0.6150808181796869,-19.04071682698643
CHOLAFIN.NS,1724.4000244140625,-0.34674063311064063,0.7478411434157165,1.203122231719525,18.01259800420212,9.119295433875243,33.71021512750156
KPIL.NS,1154.4000244140625,-0.9438819091779715,-2.9508176196668767,-10.919052190309111,-9.273813088328001,2.1668543771657602,-0.24222012114803604
YESBANK.NS,21.899999618530273,-3.0973484563009137,-3.566708492279059,-4.157552503630849,7.9349365714953946,-5.92783946482814,3.448273687319339
AUBANK.NS,952.5499877929688,-0.8483422827630991,-0.05246314531285794,4.825572245722283,36.81148837241921,32.71059627500636,59.5524416414583
CAMPUS.NS,266.25,-2.8107362160700133,-3.2697547683923704,-3.811411943001805,-0.05862812926780821,-9.921036565566062,-9.425481433556698
LUPIN.NS,2070.699951171875,-1.3388649229325025,-0.5761751707560153,5.015716598776226,6.781147035432496,6.245416440117952,-1.951539136384744
DELHIVERY.NS,398.04998779296875,-1.6188873484275415,-2.701055523267546,-7.333255941141391,-15.425476903221504,8.578827377480374,19.42694340577649
HINDCOPPER.NS,363.5,-2.245530715734653,7.353807869947893,9.224763621725069,50.33513812469184,44.742905726013475,28.291611951512895
HINDZINC.NS,490.45001220703125,-1.5358349332954124,-1.0491237271232836,3.36143566006981,12.090052768803341,10.38320418370613,-0.07960770635425429
KARURVYSYA.NS,242.3000030517578,-2.3574414622661175,-3.3660374318035777,-2.737633349029861,19.383127235185853,22.53884742878962,22.258265539423533
WELCORP.NS,797.7999877929688,-3.484150573867826,-5.647211955455848,-12.000881394536888,-5.808738159035567,-14.11707705593073,2.322179453016899
VEDL.NS,511.25,-2.526215443279314,-5.042723473798075,-0.737790094754105,17.339909496506902,24.529094034903682,16.045094320789115
JMFINANCIL.NS,138.27000427246094,-2.3930532980461727,-9.69827019218581,-12.100007178152033,-23.33545151489181,6.37139270827623,2.1400500146418957
ABLBL.NS,128.5399932861328,-0.007786670857541551,-1.89284911117149,-2.9300747141396846,-8.811019321917026,,
SOBHA.NS,1471.4000244140625,-4.31785812886808,-5.107697176504023,-13.508108003383986,1.2593798868344088,2.8824335398343615,-13.038294158858935
THELEELA.NS,389.6499938964844,-2.0364565942214017,-6.142358274093652,-7.643991577755918,-7.049145384078123,,
BANKBARODA.NS,285.20001220703125,-2.5290477587571942,-3.9407146951752314,-1.3319410996464163,21.911605211025776,15.802022804442329,13.481346451629198
SBFC.NS,104.63999938964844,-1.5338263902394864,-1.5152946920955883,-8.186366351779817,-2.9313576740736904,-7.332623905031197,19.32945201999286
NAVA.NS,515.9500122070312,-1.9851845977141038,-0.5685126360058238,-9.471693991177766,-23.882375462919274,8.08444531815632,0.8989364063933067
CEATLTD.NS,3833.0,-1.8915227978945004,-1.9442312611921209,-4.79384003974168,14.612921808350308,3.436919360281539,25.432757878092055
BHEL.NS,269.70001220703125,-2.898285434012151,-5.534146337292031,2.217171107898518,27.765416119162694,3.3920188534925733,7.333888694497636
HEROMOTOCO.NS,6167.0,-2.889536256987639,-1.650586077665258,16.446374622356497,15.249486077368715,47.91603205147799,38.17486658155922
IDFCFIRSTB.NS,79.12000274658203,-2.163966786898574,-3.4886563713584833,-2.884495444838551,9.538971437673407,15.561161154646932,20.34410066071709
BALKRISIND.NS,2356.699951171875,-1.10365290927927,-3.6351056155735675,1.5118819796337766,0.9766964856751391,-3.3609283556574305,-16.479897294870938
FINPIPE.NS,165.19000244140625,-2.329570346867911,-5.508525614549843,-10.833419335273229,-24.294223303499905,-22.311252530058404,-38.91142067631476
DBREALTY.NS,116.16000366210938,-3.5296070681354776,-8.578619633183795,-20.296418770508513,-33.815732837035064,-42.820572408533266,-35.9505936969658
PIIND.NS,3329.699951171875,-1.9551881444896078,-1.3129830713729993,-11.404094726015602,-10.999144803022459,-12.801502746521173,-19.144811845089002
BEL.NS,386.3999938964844,-5.038092973089406,-6.452002102428832,-6.72299483488609,3.7315419856333896,-0.05254096257158963,23.8287590126681
HONASA.NS,256.3999938964844,-6.746687574823282,-10.271218233951226,-6.406284916418935,-15.028999537204847,-18.97614662478203,-7.885759556573624
CENTRALBK.NS,36.27000045776367,-1.6806694013086407,-5.002618732701227,-6.904514091174792,3.2180759567711292,-9.004842343193765,-38.74626753747634
CHOLAHLDNG.NS,1881.9000244140625,-1.8616996050475336,0.25037680398688467,-0.11676403589946632,7.647870780030855,0.9107777759304572,19.796246082141092
ATHERENERG.NS,678.75,0.5257683247612628,-0.9485589201021525,3.6813525833910914,39.35941217773268,113.37629266788578,
ACMESOLAR.NS,210.25,-1.1239651037004215,-5.326910002483813,-20.69030737105978,-28.65626355919654,-18.491959662613667,-23.010358079559083
GLENMARK.NS,1921.9000244140625,-2.352399548137643,-2.8656601572576093,6.094398256365581,-3.228983771274257,28.655361420106583,24.728190517295197
PNBHOUSING.NS,873.1500244140625,-3.3965759806513454,-2.924007719832588,-2.5665345503994477,11.570412938018508,-18.23353867032713,-6.94523856450846
AKZOINDIA.NS,3489.699951171875,-0.6745588840047791,0.19811365128674682,6.9705391576546125,3.4414231134355067,9.815680233162038,-1.0512902925906484
SYRMA.NS,728.9000244140625,-1.9307064360494448,-8.331761047082772,-8.830516020755159,-12.665280598383669,36.08820556532401,31.09223385164444
MANAPPURAM.NS,271.75,-2.8423353092836936,-2.2482014388489207,0.40643123159882455,-4.172194032521842,14.927226255026376,63.1936510519697
LTF.NS,299.29998779296875,-3.326879233685491,-2.2055220615026196,-1.4163432885705338,31.35834091529159,71.028564453125,104.90407391409038
OBEROIRLTY.NS,1610.0,-2.877477986179257,-1.3842935148780953,-10.201350991326805,-3.0088600221513424,-8.730196625850633,-24.06666873160768
HINDALCO.NS,819.4500122070312,-0.46158369790085024,1.5616331415197175,3.6753525930751354,10.87883441472772,30.79693971533024,23.046800857358445
LEMONTREE.NS,159.86000061035156,-2.838387044061017,-1.4851812403128037,-1.7515862491035896,-6.487274955172007,15.15631189745813,18.26588945466056
CHAMBLFERT.NS,420.8999938964844,-2.5356054306518874,-4.112089716045745,-11.339581838335345,-23.70895361065734,-22.680302734198715,-21.197745276538786
CANBK.NS,142.83999633789062,-3.9020472790460303,-6.044861221598408,1.5426161919325077,34.65308622956163,26.63290343687873,36.782733206615575
AMBER.NS,6451.0,-1.6990476190476191,-8.385997301711283,-10.737512107375121,-16.19901273057937,1.081165778752742,10.853354439550966
MINDACORP.NS,582.0999755859375,-0.6909577172113198,-3.128648371491901,0.500684274479897,15.840791161380597,13.446025290147729,16.56766836698151
SBIN.NS,956.4000244140625,-1.5542949650990736,-1.1268441555319413,0.057545518875785844,18.161600638252466,17.544398170798214,12.727954459502264
NATIONALUM.NS,268.3500061035156,-1.757271792137693,1.206868670825068,16.050627692481495,33.366523448664815,52.47474054754867,13.151627200137431
HUDCO.NS,212.7899932861328,-5.519051535032003,-9.872940370515186,-7.379633050689466,0.23932386963587837,-12.826747990166368,-10.091803627891839
ALKEM.NS,5599.0,-1.3478988635362523,-0.7005409240046111,-1.2260739172620623,5.611619353013298,10.04039828058039,0.15189493981367172
RKFORGE.NS,524.7999877929688,-1.2327068963814025,0.4497991254723667,-1.3070074672367185,-8.091070439059763,-13.147392772170877,-45.70310667221108
IDEA.NS,10.289999961853027,-4.722224258101,1.5794654057705297,7.075965967421253,55.67321866878755,46.372683566869355,27.35148587889233
INDIACEM.NS,414.5,-0.40846039336145173,8.238670005815832,9.525693388866266,2.6625386996904026,30.695257126597962,12.102772143340095
ABBOTINDIA.NS,28725.0,-0.7600621869062014,-1.7612859097127225,-0.20844189682126105,-10.722610722610723,-4.835583333700001,0.2929370442101921
ICICIPRULI.NS,616.25,-1.5653682587738587,-0.04865587525880916,0.14626220033656373,2.742582951286964,-7.089258594250941,-8.542061191410529
SHRIRAMFIN.NS,834.25,-2.4154899782832224,-1.0848973380596378,2.19269001646196,43.27989722018161,31.21140100562098,35.468878937669075
MANKIND.NS,2185.5,-0.906823849467241,-1.3941483353737134,-3.3734214864685885,-14.924672697209923,-9.441181838156835,-16.407515379544822
ADANIPOWER.NS,139.0399932861328,-3.2967071452267835,-5.260289935717826,-8.21230709814752,14.210609270522955,25.238693469926666,29.351563912345647
COFORGE.NS,1951.300048828125,-1.344859459912163,1.954126335596472,12.13079551657798,15.546671022995055,14.152290319109104,11.660552423574755
BAYERCROP.NS,4435.60009765625,-1.3236635159920769,-3.7037056667632724,-1.4422095254462441,-11.469580507870429,-18.957709082185655,-25.36242827188652
KSB.NS,737.0,-1.5692821368948247,-2.0923281301893057,-2.642007926023778,-9.614915632409982,-9.951739384473006,-12.16714461286358
J&KBANK.NS,100.05000305175781,-3.0053305169785647,-6.643645832636268,-4.904473032617275,-0.0699157939511827,-3.329867178908561,-3.7852561675732184
GODREJAGRO.NS,575.7000122070312,-1.2352053363299789,-3.5597620513374206,-2.349245335036996,-21.180176209760376,-23.515195528977646,-23.88444710349927
BSE.NS,2798.800048828125,-0.6072607020367566,-1.561617301148651,4.4991224957309806,26.100475279482993,3.91712761620837,62.13752409670078
SAGILITY.NS,48.060001373291016,-2.5152086875437134,-2.4954342044835576,-7.163170811074654,10.213155114017747,23.54403098818527,27.573707584507968
IOB.NS,36.849998474121094,-2.461620792019225,-4.3354152746537435,-6.920943844168413,-2.924132342262365,-12.38707258454438,-36.3227939273077
ABSLAMC.NS,725.4500122070312,-0.1445268813446318,-0.2680797555103232,-4.946278746882364,-12.316427918758285,-0.5623612899598694,-12.528954271256824
EMAMILTD.NS,522.4500122070312,-0.5425424808996441,0.08620923506345785,2.408645480355344,-14.462581443368197,-9.430100265938254,-15.594190865641089
SUMICHEM.NS,452.3500061035156,-2.7727015360525256,-1.705781376638496,-4.798482181594204,-22.609066534898954,-10.27901349440081,-18.66670975878437
GICRE.NS,376.1499938964844,-1.49273592141466,-2.9916198848525144,-0.791243583883338,2.6610262452009152,-5.355891655125077,-6.353350825735332
CUB.NS,264.8999938964844,-2.556561357730781,-2.967035202752976,3.711532297979504,36.51120315923374,34.61325554517812,44.187520255038656
UNIONBANK.NS,148.36000061035156,-3.222441189214057,-4.757015766108837,-3.222441189214057,16.975477780073007,0.1408554424159654,20.02014053814713
ELECON.NS,473.1000061035156,-0.2845412727962025,-3.0234702911677807,-12.022314067221641,-14.41592980739122,-32.19031801464799,-24.672646969703155
WHIRLPOOL.NS,914.5999755859375,-3.675621317963402,-9.43658248581759,-31.74627047866138,-32.221731211019076,-25.957512452491876,-51.48474781811282
ABREL.NS,1657.5,-5.301950879236806,-5.161066183665781,-6.318885759494239,-8.793267183983795,-23.864762254007292,-41.85624074739231
POWERINDIA.NS,19040.0,-1.3727013727013726,-16.326082179740716,-8.737957149019795,0.607661822985469,-0.9129525337662536,60.05649315397316
PNB.NS,116.0,-4.691479030009391,-7.45911335296221,-5.213268014875512,12.163993476874937,10.050997656078039,9.425479871510802
TRIVENI.NS,338.0,-3.566333808844508,-3.5250480628981777,-6.2413314840499305,-7.091805568627728,-20.979936954232922,-23.988296393364497
BHARTIHEXA.NS,1727.9000244140625,-1.7512894531719054,-0.14447526379610026,-1.92416979648805,-3.312626712585852,-5.095339747982608,24.22118652085018
MFSL.NS,1695.300048828125,0.30174522562930634,0.2068802399210461,4.77103234701133,8.256708098858557,11.364382477237411,45.13312937770892
MPHASIS.NS,2896.800048828125,-1.9230785126665304,2.0682833287081874,5.877194767109832,1.2442366232275763,18.609578199168205,-3.1664167064451214
COCHINSHIP.NS,1616.0,-1.70316301703163,-1.4574074064424747,-6.144215899883927,-3.2350960951945935,-15.654014242952352,-3.3308970610582316
UPL.NS,739.8499755859375,-2.535897855238531,-0.9240072867843991,-1.0829649694359085,6.391997355669941,17.328597743600028,33.75501441912737
AUROPHARMA.NS,1177.4000244140625,-3.3015729285416455,-3.11059317615675,4.769529565497922,13.648651005218387,3.9602109930987157,-4.9716839044713925
BEML.NS,1641.300048828125,-4.034379818165701,-8.460677700606526,-18.208995427062394,-16.909059762803718,-22.38494924250812,-23.002798819541137
ATUL.NS,5731.0,-2.293069644531583,-0.9077548197458287,0.7028641714988578,-10.42513285401688,-18.7027502673466,-22.078293168248813
SHYAMMETL.NS,799.7999877929688,-0.38610493546267904,-1.0882992899662154,-7.059438831183301,-14.423281758429034,-4.737906662809828,-4.429455300852431
LTFOODS.NS,393.5,-0.7315827298528359,-5.272025570116341,-2.671280761576262,-12.249772291356,-10.17007566450186,-5.887786681256476
INDUSTOWER.NS,403.0,-3.0550906504920325,0.2612234758256297,0.5489052579930854,24.36352883230823,5.359477124183006,10.851330912297238
ZENTEC.NS,1362.199951171875,-1.9082595903915442,-2.1548628826446734,0.25021358710445957,-7.678756274356151,-35.58486913083107,-27.70963469504692
PRESTIGE.NS,1610.0,-4.716810882109565,-2.5718608169440245,-7.396754710214299,3.5902747768105043,4.692987768915809,-7.0442205839111915
NSLNISP.NS,39.7599983215332,-3.330908609297566,-5.175296846765622,-8.534628007792618,-4.812071137664724,3.1120251698781782,-17.23564204037703
NCC.NS,162.88999938964844,-3.133922548580677,-5.439449330073944,-16.599251740412925,-21.42305982070886,-30.26351245991192,-47.28761670002187
NBCC.NS,107.9800033569336,-3.640901562153627,-6.316153604346067,-4.596866688843793,6.285725914996831,-13.025361804510096,6.2436150748828
EIDPARRY.NS,1009.0,-2.304419800824944,-3.1855644528234883,-1.52254303705369,-10.374848442199417,5.998526538654636,12.561353471575279
BANKINDIA.NS,138.14999389648438,-3.465870094831385,-5.2014012579993985,-4.447370212433623,23.19421673658124,14.301127192824648,20.99574206831427
ANGELONE.NS,2542.60009765625,-3.7513667466914127,-9.6510503243569,-2.820662262729437,12.64897380034055,-19.267156394966737,-19.650630158157522
DRREDDY.NS,1266.5,-0.682242119275489,-0.682242119275489,5.068854682962017,1.077414205905826,2.150551820652725,2.7972995908684184
SIEMENS.NS,3204.199951171875,-3.659158565960252,-4.665279643800209,5.63064727127329,1.5787487436555865,-2.6670731721787666,-29.703311448688634
RADICO.NS,3148.10009765625,-1.6802463015198954,-1.9772075622472673,-4.917086275313119,10.832988518926571,23.68730500926843,33.42639828695918
SBILIFE.NS,2020.699951171875,-0.14824332027397508,1.9782968040310371,1.0905961524615375,12.818936894397897,12.105406445041607,41.3937111576893
DIVISLAB.NS,6328.5,-2.2399011353981617,-1.386832878846903,-4.927514459550815,3.1792614331132305,-2.778465806077036,4.2832616133370385
MOTHERSON.NS,115.30000305175781,-1.495087530434472,-3.3204754431826666,11.078997747491156,22.243430263798935,14.849584348005305,4.199732836790914
VOLTAS.NS,1322.5,-0.3391107761868877,-2.247026673477124,0.07567158531971245,-5.710821116510832,6.732134254529548,-20.26606044677978
JUBLPHARMA.NS,1040.300048828125,-3.4076092081592386,-5.289509677217161,-7.70936001668612,-2.300901472249526,-10.68258591211967,-13.313487916012484
GMRAIRPORT.NS,98.70999908447266,-4.6372359701437205,-7.427551695535134,3.188370589171716,14.049677185387315,15.396303516469423,17.469951824862584
JBMA.NS,567.2999877929688,-3.8556055369299167,-7.3266413186903465,-10.534614471675779,-6.455606171328987,-20.828095819145513,-29.990338370933493
INDUSINDBK.NS,841.4000244140625,-3.298465920832609,-1.0466851119223133,5.537789202140169,11.4658609826333,3.5314398641500286,-15.708273479809145
JWL.NS,254.4499969482422,-4.7182143496275835,-10.436469031426231,-18.654089872710085,-21.707693246694713,-36.49070240246048,-47.37386492826203
ANANDRATHI.NS,2839.5,-2.0152491221838824,-2.9164403516165844,-9.034118212397885,-3.7615566102722644,44.53367118275154,30.35769766175076
ADANIENSOL.NS,960.5,-1.8746463751968983,-1.6838130919174636,-0.01040761903793698,25.769279121029825,10.75876227855665,18.077323201950243
ATGL.NS,577.0499877929688,-2.7143279032986665,-4.088761842077766,-5.587372992802705,-3.1876521078966005,-16.38089129509766,-22.405468261860896
JBCHEPHARM.NS,1803.9000244140625,-1.1778240228139205,2.232928558462029,5.931058697045488,4.670999121481917,7.5694971987984,2.3159433848348994
PTCIL.NS,18913.0,0.20132450331125828,3.056887532693984,8.43988303422969,38.18221670197998,23.776178010471206,61.72145154993852
POONAWALLA.NS,446.6499938964844,-5.099330778973431,-6.03765895414364,-3.6561716962632094,3.2120147652188042,9.661185190979504,24.605936305146827
M&MFIN.NS,351.3999938964844,-4.393958490778468,-3.7260290694563354,12.178769001271947,33.66299051145907,38.591330714125974,25.80946719197471
SAPPHIRE.NS,239.6199951171875,-2.1639731713952903,-2.830499113369087,-11.350349264270045,-25.84867719541232,-24.67148993414017,-29.740506173937586
EIHOTEL.NS,373.0,-0.4536995333995213,-1.2966377284003339,-4.907584448693435,-9.531891573254846,-0.6415134433302152,-6.903134797193338
JUBLFOOD.NS,584.2000122070312,-1.5171948440316168,-3.189990821210842,1.3356482579412403,-10.700091515413709,-11.384237049288117,-11.605085966216388
INDHOTEL.NS,718.0999755859375,-1.7512721850551805,-3.2861985742845117,3.876752244496616,-7.31203929190868,-8.089378369890774,-12.180025517418928
BRITANNIA.NS,5847.5,-1.9040429458144608,-0.47655518679261333,-5.034510759236703,-3.871445010685517,5.693693855895647,21.595481758311962
ASHOKLEY.NS,159.27999877929688,-0.9822216990300149,-0.4500007629394532,13.505263655792849,25.27164949916597,35.75469209354334,40.329065528107286
UNOMINDA.NS,1258.199951171875,-1.1160069922763953,-2.796668151993757,2.3176385404293276,-1.6031908018149692,23.534604926055476,15.257719715894014
DEVYANI.NS,133.9600067138672,-2.040214468835695,0.6007832905951271,-9.468131642399243,-25.28722563646723,-20.771229439824303,-17.466570926718326
ONESOURCE.NS,1666.5,-1.1448599044436691,2.427781192378611,-6.249998712410896,-11.332801276935355,-11.746017216160833,
APARINDS.NS,8643.0,-2.8767277222159793,-2.898550724637681,4.37775496648753,9.446625300747119,7.861441739718915,-13.506751812262719
SBICARD.NS,870.0999755859375,-1.700282258715136,-1.511125297032114,-0.21789270803469038,9.701815394725806,-5.797655758423829,20.472061058638754
NETWEB.NS,3038.0,-1.414852553042512,-5.660964694717327,-11.47760463744131,14.550729163080334,56.05566795069685,5.760812657659802
JKCEMENT.NS,5507.5,-2.0888888888888886,-4.993962394341901,-2.279985805535841,-18.473836133520834,0.4230740089714589,19.173203779357312
THERMAX.NS,2805.60009765625,-1.4091384968085499,-4.052528847934486,-12.074957425160632,-16.047751888420738,-18.31936774963022,-40.26760846260746
PFIZER.NS,4965.39990234375,-0.692001953125,-0.5846353009563747,-2.159607835591133,-3.6779844356207563,-9.140408895630124,-3.3803401965070132
TORNTPHARM.NS,3760.0,-0.6841148210948752,0.8583690987124464,5.027932960893855,4.4647556189208615,20.44068533047255,12.941753481560877
HDFCLIFE.NS,764.0499877929688,-0.5531693436841799,0.6653475353055007,1.9753070127419088,1.2993023258824992,-0.07018447452687546,19.126465837939524
FINCABLES.NS,717.2000122070312,-2.6271096200705437,-3.7121520151968,-6.437933125277935,-14.943073787463748,-24.536475519801314,-44.443307101207644
RAILTEL.NS,317.0,-5.189174753041284,-5.696859807881334,-9.853545996842627,-7.5182896433489494,-20.190090913379585,-23.406373914448963
TATASTEEL.NS,163.47000122070312,-2.1782055989191105,-2.5688387113789752,-9.86932479372829,-2.00227587481225,5.182479329560452,13.743254132988206
SAMMAANCAP.NS,141.42999267578125,-4.645371027643179,-5.713338216145834,-23.72040888714784,3.3467200350734707,14.203808832404425,-13.09985089045699
ETERNAL.NS,285.25,-2.4452784014132436,-5.090663255494129,-6.811501368106689,-12.526833897251874,19.69703450224115,-0.34934497816593885
DLF.NS,687.4500122070312,-4.487667633618444,-3.4751473709333998,-9.480544978959367,-9.319346478582947,-14.58267180775214,-18.555921275508172
FORCEMOT.NS,17205.0,0.22135492514708455,-3.7859299854602395,-5.435857975156646,-4.6611483378181795,48.22474028371815,150.66119339342987
DEEPAKFERT.NS,1233.5999755859375,-4.564443842980518,-6.594985901881234,-13.516548340450536,-14.53512853536855,-16.063086591316853,-9.899985173016102
BAJAJ-AUTO.NS,9026.0,-0.9111867383906027,-0.6548896593473117,3.49137189703606,-0.4960864292801234,8.706813805750675,4.0801459861412255
JIOFIN.NS,297.20001220703125,-2.156374582047325,-2.5094288152602906,-0.7016290249200048,-5.259802154266595,3.842126145580612,-13.770730986444631
SAIL.NS,129.75,-2.1050199392342352,-2.045905614153557,-7.9787234042553195,2.983611000732596,0.5250575667091704,7.272143410912123
VBL.NS,469.79998779296875,-2.1148086583825703,-2.4096398526357232,-0.08507537296412646,-4.024517304807201,-2.366884207603601,-25.629013446619282
COLPAL.NS,2146.39990234375,-0.8316392908957561,-0.5467541977154491,-0.9597660251366165,-11.968896321673025,-12.314004020628962,-24.736528960711983
LICHSGFIN.NS,522.7999877929688,-3.5068291672350926,-5.742366396673367,-8.473393448829256,-5.682843350840062,-11.685485426677875,-16.70477026592844
AEGISLOG.NS,729.9000244140625,-1.4913270275891752,-5.703761265443598,-4.130813972597951,4.0188131276120105,-7.435354736596694,-13.411470957316347
AADHARHFC.NS,485.6499938964844,0.8828417228675494,0.12369984921465915,-1.7996146226193295,-4.1164868911185835,9.88799196343995,11.86225975446617
GODREJIND.NS,1014.2000122070312,0.019725069726947733,-2.9566514305564042,-5.66458606286502,-15.236104286917573,-15.412843018596226,-6.0577959297758746
ENDURANCE.NS,2659.199951171875,0.007519788336780744,-0.056376142651460646,-6.8874945865731965,-9.341333852488686,10.230076713152801,13.810897299927044
GODIGIT.NS,346.25,-0.40270212025409513,-0.057731909361783164,-3.9128641222959213,-2.3409922658960394,0.36231884057971014,0.5809731299927379
PCBL.NS,310.0,-1.2424319758892657,-2.177341126342294,-10.85549964054637,-16.330173788553566,-20.63903898836275,-31.67862572752308
DOMS.NS,2578.10009765625,-0.8613690576331474,2.9839497573904863,4.18249397541151,-4.121864466411685,5.766492971568369,-11.057968108077741
LALPATHLAB.NS,2967.699951171875,-2.0431787856180095,-2.5065719063115965,-4.165724869507713,-10.393465431300362,7.959501572849733,0.23821596625856542
DABUR.NS,504.45001220703125,-1.1076247459087092,-0.6890441807044319,-2.7378794058813574,-8.248072855273701,5.727953288325861,-2.093272436613136
CARBORUNIV.NS,848.75,-2.4257028428062433,-4.22050706806582,-7.36193094393779,-10.403250191375145,-14.198607857307996,-39.40836322773236
RBLBANK.NS,300.0,-1.8966605704691626,-0.7444168734491315,-8.606245239908606,13.277247053154136,40.78879189227045,72.82223398545435
PIDILITIND.NS,1456.0999755859375,-1.2880482892322496,-0.8714036772673402,0.08935432459324022,-6.633328203857376,-4.805352633006201,-8.138111070877006
NHPC.NS,76.43000030517578,-0.8304131207767707,-1.0998945232240431,-6.197843450785865,-2.1257473563350455,-11.943717930405546,-4.634408989075517
ZENSARTECH.NS,730.2000122070312,-2.137641450800259,-0.46346285333374604,4.6656613852062305,-6.33657836402289,-10.390780215948716,-4.126651645147995
SUNTV.NS,546.5499877929688,-0.3736762457525159,-2.887349032064605,-0.7244220576943416,-1.7086629039091843,-13.043155272009525,-26.93187347356123
RPOWER.NS,35.400001525878906,-6.050952125347226,-8.997428952982338,-9.67082733768482,-23.756189331894763,-42.87558362343171,-17.941580837450744
RELIANCE.NS,1543.0,0.15578504816928204,-0.21341581348496796,4.397834912043302,13.514304757823393,9.582130360041962,17.178817650740218
ADANIGREEN.NS,993.7999877929688,-2.3484351112693616,-2.816349352684729,-6.227595583538224,6.9579682161312535,-1.5162013837216433,-19.17696750771353
BANDHANBNK.NS,135.47000122070312,-3.2909769775071207,-9.554010999612672,-11.866504909545691,-16.62358149745936,-20.863934712778672,-22.95562114747169
LICI.NS,857.5499877929688,-1.4197075841459308,-2.981110520792348,-7.206626073869346,-2.3402788252278652,-9.71313397962423,-11.053249353842812
SIGNATURE.NS,1111.4000244140625,-1.1034013058633503,-1.322917852091496,5.0274121807766585,0.7432989127199441,-8.315453787996425,-18.766216819676504
TTML.NS,45.650001525878906,-7.102152843137224,-11.923596540320679,-16.161614533989372,-19.996494168948566,-37.8996052247703,-42.93749809265137
AMBUJACEM.NS,528.9500122070312,-0.9085754396492297,-2.5874747316701194,-5.341799613101762,-6.825788121679392,-4.439507933292703,-7.04143423405952
RRKABEL.NS,1360.300048828125,-0.5773938478059194,-2.9397039723064573,-1.205605003384439,12.641585646023554,-4.061435377583429,-8.382993976923874
KFINTECH.NS,1042.0,-2.288074255012249,-3.821305471767269,-6.210621062106211,-1.5122873345935728,-6.707898784949438,-16.506034584787894
APLLTD.NS,880.5999755859375,-2.133808898366967,-2.1772979732626423,-4.485062755420656,-8.280387670198836,-10.603374477477956,-17.977954402502135
IRB.NS,41.88999938964844,-2.1261679056857083,-2.1032986833901184,-5.6958082548797035,-1.7655382520167602,-18.571241706380434,-26.303657163258983
FACT.NS,795.5499877929688,-6.074381606497195,-7.3271621550041965,-9.898637885014178,-20.978622205675432,-9.863090942334965,-20.596243471069233
GLAXO.NS,2544.300048828125,-0.05107042654979323,0.9803123596816444,-1.6847581112445067,-10.782663396277005,-22.218826300940126,8.242571642800707
MCX.NS,10183.0,-1.5469399593928261,-0.35228495938937276,7.9794284502412385,33.22430823575587,52.58831757692949,57.54465007425941
TATACHEM.NS,762.9500122070312,-1.4340127589933318,-3.399591795508576,-11.088447277245857,-18.72702932548269,-13.920341195763509,-32.102558046892476
AGARWALEYE.NS,499.70001220703125,-1.2450568760807805,-3.7465108913330907,-0.8039678000930521,20.293697532300403,49.588394092900245,
DATAPATTNS.NS,2587.39990234375,-6.46712732988461,-10.631391752529506,-1.1008351565492762,5.897755111360118,-11.947786101213282,-1.4482600087113944
BHARTIARTL.NS,2086.199951171875,-1.0717041508420408,-0.8460099252911122,4.247451632717919,10.944475860764802,13.45884245246073,30.228149485668094
MMTC.NS,54.4900016784668,-3.6086982927323032,-8.064786135277904,-16.579911308872163,-14.026505585088664,-30.167880903614435,-32.040407244860845
JSWSTEEL.NS,1119.0999755859375,-3.7084819649560923,-3.691912600177496,-4.489201824522538,4.354713736358865,14.641758689465048,12.301194217380896
BAJAJHLDNG.NS,10968.0,-1.9050174403005098,-0.7330980179201738,-12.813990461049285,-15.08934901767717,-17.68856741197124,2.8074052756107903
PERSISTENT.NS,6347.0,-2.6608388927229507,-0.7273011652459529,9.790693651617367,19.901766317181448,15.312778331730614,4.6453408003088805
ABB.NS,5057.5,-2.2421958055475018,-2.421377580551804,0.8173029004285857,-2.039587213741938,-15.186677563768889,-31.920066864220043
INDGN.NS,525.5999755859375,-1.4992504434085345,-0.9516722125286255,0.47792011406608975,-3.3290484117557058,-12.890456038329118,-16.01191711001792
TECHM.NS,1591.800048828125,1.336898354164604,3.585611987182736,14.790517406662026,7.202541287077392,5.729531910187482,-8.343481835808921
ZYDUSLIFE.NS,924.5999755859375,-0.7354164508369997,-1.9200208323662042,-2.0654592208730542,-8.631852914412844,0.7749521459133535,-4.377140975715556
INOXINDIA.NS,1127.699951171875,-0.8876865198461344,-2.1008831260766194,-4.0500379204196735,-2.809626500419035,-7.558446421357788,-2.9768645102557754
AFCONS.NS,388.29998779296875,-2.6573091666344713,-6.354758589504235,-12.159258338261388,-11.579188616703453,-8.44951255704091,-25.75389144224649
BATAINDIA.NS,948.5,-1.9080626686088675,-1.6792797763077687,-10.678973708154363,-23.845845042151748,-24.215345088791125,-33.61901520401649
SAREGAMA.NS,347.8999938964844,-6.049147889523562,-9.10516162077482,-14.036323465094183,-28.360681255506886,-35.69033235048493,-31.895516611031017
MEDANTA.NS,1159.9000244140625,-0.30940916080253544,-5.283353949188007,-7.341430007140108,-18.728975329513734,-2.3466041042602175,-0.18343664381744873
METROPOLIS.NS,1920.199951171875,-0.20787860417333048,-0.9848964665262477,-2.0226209762560097,-12.877950978790336,14.527577360081882,-8.590132604143811
CUMMINSIND.NS,4467.0,-0.04251387109282938,-1.0521652453206334,4.082208007958491,13.502385637712841,35.846044191019246,31.289926582590212
FLUOROCHEM.NS,3317.89990234375,-1.9735884950450928,-3.059083513268093,-8.193140499619535,-1.9656828045333155,-6.951733770613025,-22.076369769701262
WAAREEENER.NS,2884.10009765625,0.4422997751770347,-8.560286346036758,-11.96812952076913,-9.85230482538057,-1.1909588269523534,1.6330424216270234
BAJAJFINSV.NS,2059.199951171875,-1.7791580647805865,-0.3243115101691979,-2.0408232001990196,2.846868514138074,1.537860173013784,25.308878949403013
PETRONET.NS,270.79998779296875,-1.4556041403515474,-0.11066702463751231,-0.26151979112586143,1.2287436811705041,-7.964912557283546,-16.954581877036343
DMART.NS,3867.60009765625,-2.1381037400877525,-2.377705841054213,-3.575165852499377,-19.913853890325633,-3.92249167417091,0.09446671231515222
SHREECEM.NS,26135.0,0.23010546500479384,-1.544546995667734,-4.529680365296803,-12.461381233317208,-11.267994909410747,-4.001524368371422
CIPLA.NS,1497.5999755859375,-1.5255176550043288,-1.2528023411486184,-0.5379541640838436,-5.083031484360409,2.9518366048113966,1.0243876409777455
NYKAA.NS,252.60000610351562,-0.8634210839453168,-3.514126095654544,2.7372233782005164,5.456522101960792,29.838088995719147,50.86903013408196
IRCON.NS,146.85000610351562,-3.120461584906785,-6.980420190354534,-10.238385926099337,-11.40002778426558,-24.203302603678818,-31.89551921839751
GRSE.NS,2363.60009765625,-4.342539517109606,-9.385056504086576,-7.980371287133418,-1.3132536973486,-19.97257281162159,35.641942929205925
LODHA.NS,1072.0,-3.5624304116293173,-4.268623570622982,-12.603944127105194,-10.06711409395973,-24.992430335814646,-21.476703901153442
IEX.NS,141.91000366210938,-2.3398210402648902,-4.46343740655224,2.1229107697990632,-0.5187453670078546,-29.267806305941797,-19.039919104459344
JINDALSTEL.NS,997.5,-0.9237175114945605,-3.0423840729574168,-6.766989696416993,-3.3289699470537677,5.916267442878556,6.9590490452146465
SUNDARMFIN.NS,4719.2001953125,-2.662781069152987,-0.42620811595283925,-1.846917734764975,4.9737541773971925,-8.577530568836805,15.345179949778792
ALKYLAMINE.NS,1607.0,-1.8566033932325754,-3.379025542435655,-9.602292617454825,-23.795525284959037,-17.07028034806869,-21.88901625998894
ASIANPAINT.NS,2928.300048828125,-1.3542176578027623,-0.8834231782542292,12.207138595260632,14.181655032389646,30.583207251759926,20.70506034087158
ACE.NS,923.9000244140625,-3.9854482292478566,-5.815789498244916,-9.598823442851028,-13.831368542381126,-26.64626723201246,-35.03345370837149
TVSMOTOR.NS,3612.699951171875,-1.4377681174208934,-1.5800801147335248,4.509948511387026,5.228358457209292,30.733881408470765,44.40255879569185
COROMANDEL.NS,2314.699951171875,0.6260010449978449,-1.2162854469908406,7.84103878519332,0.8144578036530924,1.7557979594342465,31.76587117798983
NMDC.NS,74.66000366210938,-2.354166157358509,-1.8793438620119303,0.5657405851634786,1.6750692521063437,6.970514951527969,-0.08284706374853865
PATANJALI.NS,547.8499755859375,-0.5355868323185371,-2.7513980068745947,-5.081275450791225,-8.945344426695364,-2.7644190406364877,-11.695300682995935
NTPC.NS,319.5,-1.1753751736613562,-2.7693262125652365,-2.0239208770270767,-2.374592830231327,-2.127585184692141,-11.143573977723122
RAMCOCEM.NS,995.9000244140625,-1.4935683072143917,-2.6014646049816625,-3.6381205211357037,-8.161194947207743,2.2202395100192187,-4.135073165865307
BIKAJI.NS,708.25,-1.1927996566091206,1.084703535448127,-1.2823210050174818,-11.617892109856735,-7.41665341555221,-11.501037753102468
TRITURBINE.NS,537.1500244140625,-1.5126511974148134,2.4215867883358557,4.129116959622021,4.331368337494022,-6.310899295138681,-26.86343070148867
IRFC.NS,111.36000061035156,-2.8272233044585824,-4.3463302166100615,-8.239947222896632,-7.668734184525795,-20.924860138500076,-25.082246330840483
CGPOWER.NS,647.1500244140625,-2.1471160045472506,-1.9023779840450017,-11.742240107185475,-12.570924920079982,-4.704749274112123,-15.716148421974982
NIACL.NS,156.2899932861328,-1.9203091937097212,-6.737085822629281,-14.088613204036232,-22.053764117576467,-16.0718965077308,-22.952120903525312
JINDALSAW.NS,157.0500030517578,-2.815595841526906,-4.208596538530374,-4.528873524767287,-23.565482981107085,-25.96473631287673,-50.38049994431779
HAL.NS,4287.10009765625,-3.508888191396579,-4.910722021598093,-7.338001833613942,-3.3762268246883296,-14.262418890900937,-5.168603135901787
RAINBOW.NS,1344.4000244140625,-0.48116069898061486,0.6739553568563814,-2.1186731405851837,-10.960990616860514,-3.9516540401078313,-19.685312523062535
3MINDIA.NS,34915.0,2.3150183150183152,0.47482014388489213,-1.8690275435637997,14.644557543917255,21.231471430871366,13.54477314266928
CROMPTON.NS,252.6999969482422,-2.8450630456072936,-3.14296555771314,-8.821936672087487,-22.922070384694614,-28.07178876274568,-37.080567753096986
AXISBANK.NS,1273.800048828125,-0.6783587658382066,1.255965725606121,4.17075547624291,21.268090177233212,6.738835351676577,9.301151462398098
MOTILALOFS.NS,845.0,-4.530558885101229,-11.532222331422135,-15.198957333703625,-2.9683615215749137,3.42084482279112,-12.553953142443874
POLYCAB.NS,7025.0,-3.1969133250654544,-4.382741254933987,-6.854945637761867,-3.1969133250654544,19.198712767904436,-3.776951291963905
UNITDSPR.NS,1429.4000244140625,-1.7999417155340682,-0.7981122774063688,0.020995649937085657,6.109423971470833,-5.402030936978069,-5.5073685909398105
OLECTRA.NS,1167.300048828125,-4.162557567477422,-5.626968567561312,-22.980993162338777,-24.07954650921932,-6.0977455163924725,-25.58440716570122
BHARATFORG.NS,1373.5999755859375,-2.3044114092505334,-3.362885043415516,4.289727510993604,21.407101462394543,9.791983670530314,0.28781029422014043
SYNGENE.NS,632.1500244140625,-1.1956804509008028,-0.8080909269653479,2.5718054413491553,-3.7530395610598295,-2.4073672211914277,-31.770311155802016
NTPCGREEN.NS,90.2699966430664,-1.0305914382650987,-2.810078259617428,-8.781328336501327,-12.73202386649209,-17.50137255194536,-36.02410153204291
GVT&D.NS,2757.0,-0.4261791613706193,-3.3343884997023676,-10.288948203689168,1.6517974203475667,20.120534613067786,44.92110438145298
GRASIM.NS,2744.199951171875,-0.10193115501001093,0.33637847063528337,0.7193662487381229,-2.334689177744503,9.115436588216564,1.7505053695314698
BLUEDART.NS,5461.5,-1.8510198580285742,-3.4217506631299734,-12.215703608454554,-5.083420229405631,-17.167515592438612,-27.139846275958725
UCOBANK.NS,28.600000381469727,-2.9192081796642184,-6.535947630939015,-12.054120606133335,0.7751981226527362,-16.545083164740486,-41.69290646608074
CERA.NS,5320.5,-0.4397455089820359,-1.6452537203068676,-11.28064032016008,-16.41005498821681,-16.45877421065294,-30.000810075879247
CESC.NS,168.4199981689453,-3.2068976040544177,-2.6361415604242504,-3.622318644380365,13.213076113557989,5.821531094882001,-6.398175584243247
OLAELEC.NS,34.11000061035156,-3.915491238446303,-14.810190233727372,-26.72395022684542,-47.11627812348595,-36.45678014822458,-65.37758650771113
MGL.NS,1122.4000244140625,-4.06837398170406,-5.130585108989879,-7.666991859468508,-12.830067901849626,-13.749483019445973,-11.232791200185206
IFCI.NS,47.43000030517578,-3.9489686528147376,-6.9817635930661535,-12.539183651964548,-9.068250682656021,-30.023604072912608,-27.198773301124756
ULTRACEMCO.NS,11540.0,-0.49150642407519185,-1.0800617178124465,-2.607815005485695,-8.781914473164177,3.7351359214036677,-2.678760335526754
CCL.NS,941.5999755859375,-0.8633409467697988,-4.8215923173561634,-8.150031394271204,1.8386329708939004,6.4325824770771005,18.831915549335488
SUPREMEIND.NS,3348.39990234375,-0.6733764840825184,0.48917512108850036,-12.60179721709507,-26.83743316169839,-19.729597046855048,-29.037308296599978
TIMKEN.NS,3015.300048828125,-2.5341792540046617,-4.768973175990898,-0.00331145184250314,4.843534382062761,-4.019761066446668,-9.595120069842954
MARUTI.NS,16187.0,-0.5834664046185972,-0.32021676211589384,4.573938884940888,10.401036693493385,33.134236242015895,46.32295717096444
LINDEINDIA.NS,5854.0,-0.9475465313028765,1.0529949939582255,-0.4167729863060305,-9.331681251452025,-22.009470368555426,-14.104705924665714
SRF.NS,2831.89990234375,-1.8541623972657333,-0.9652071220930233,-2.2404082225360975,-3.9708408835622246,-0.8874318665616366,21.655914476959662
MAXHEALTH.NS,1079.4000244140625,-1.6402405321259934,-3.4093937884507834,-4.923810623611213,-6.964310477362069,-6.161370760348605,-1.4818536077530613
ABFRL.NS,74.58000183105469,-3.6558606086721013,-3.243383420617379,-6.424084458262233,-10.0144735731407,-14.824116136884378,-75.74239750531092
CAMS.NS,753.4000244140625,-2.874821121830403,-2.176164604093689,-0.7456555690901552,0.43708748942635256,-7.962547678832344,-27.00618901021961
OIL.NS,403.95001220703125,-1.941983192849012,-3.048117574821903,-6.10618898409365,3.459724119053647,-3.5080745424926487,-12.171320094194336
PGHH.NS,12726.0,1.1043139747358386,0.20472440944881892,-3.4006376195536663,-5.9075785582255085,-5.03176788423333,-18.421544875767648
BASF.NS,4024.10009765625,-0.533896576026811,-2.0590477191002607,-9.542327713917201,-13.422975523746771,-21.83239280494598,-28.595039818605816
FORTIS.NS,860.7999877929688,-3.123065711691363,-6.000547333555146,-15.607844334022673,-9.370393887539157,19.30754262625114,24.19021002273022
CHOICEIN.NS,743.6500244140625,-2.917751381976175,-5.231296948436689,-7.310228626607023,-4.751838051352865,5.699671283754446,35.60357244852691
IGIL.NS,315.29998779296875,-0.20573647379274707,-3.088986667284491,-14.250754058870955,-8.2763671875,-14.34281808667138,
ADANIPORTS.NS,1480.5,-1.9146696665306644,-2.4767786173914614,2.2232928320294687,11.466650687176294,1.3421620369144067,16.49526848816673
VMM.NS,130.00999450683594,-2.2701678570043957,-4.058741216849911,-9.198211232464327,-14.116798577539805,2.6043685945915778,
ICICIGI.NS,1961.0999755859375,-0.6736248310203512,-1.2885677865365173,-2.925451787663635,5.12807660155055,5.9631382515090285,2.1801090687382882
PFC.NS,342.45001220703125,-2.892381076418561,-4.954198221120739,-9.021986119722,-11.307806135183844,-14.309450242385378,-30.24983723887515
GILLETTE.NS,8178.5,-1.995206710605153,-2.387062123291759,-3.56111078356229,-22.46397421312097,-13.233905976695942,-17.057260291528223
ASTRAZEN.NS,9041.5,-2.0050940226521434,-1.1263601071682432,-0.3965849628201597,-0.5882352941176471,13.803363902776718,36.107836086608046
ONGC.NS,238.52000427246094,-1.123405672211248,-2.0612585825991783,-3.1067052207214263,3.6674378012828335,3.079721290722833,-4.1179545086096745
CHALET.NS,892.5499877929688,-0.6566892240970829,1.431896745399786,-2.4361182948653055,-11.97528946168821,-2.955330305369864,-0.02363438124957442
FIRSTCRY.NS,279.95001220703125,-3.1147255995101135,-6.636649488549421,-16.97805395239729,-22.740442254317077,-19.65848689920573,-53.769297687981584
HAVELLS.NS,1407.300048828125,-2.0327150137051864,-1.068537867970123,-2.844318341171902,-11.194542046433709,-7.096646193216315,-18.915388180748476
HEXT.NS,753.9000244140625,-0.11261683815004969,2.571431893069728,7.776987049901715,0.9271120798625052,-6.337057133350379,
HYUNDAI.NS,2275.0,-1.4938298332972504,-4.512067156348373,-2.2010124772843316,-8.24023090406868,23.983076065301603,22.309540239955556
KALYANKJIL.NS,475.04998779296875,-3.543149686706853,-5.2363855254752085,-7.361544637017562,-5.349672530391258,-14.409398579915598,-33.88744958667015
MRPL.NS,150.50999450683594,-2.100956726238536,-5.32771508889651,-12.742773660123289,20.41763107387316,4.885013593613894,-2.7336246840930825
ALOKINDS.NS,15.75,-2.717730201009092,-5.462184008083678,-8.05603752700268,-13.413966258489877,-19.806514819438952,-31.3426345539228
CANFINHOME.NS,913.0,1.354353060874506,1.0291012136047408,3.661652001135396,20.71131479745301,16.170245813283795,10.094439155505002
UTIAMC.NS,1112.800048828125,-0.8376316835457001,-3.1758460323060933,-7.956985208591812,-17.43582070681226,-3.6703823498549837,-13.38567594800323
LAURUSLABS.NS,1004.0999755859375,-2.144040592870813,-1.5781255075917933,2.2348878100339147,14.967224100274453,64.4458465492877,71.0377361334943
CONCOR.NS,500.1499938964844,-2.1328625686025977,-0.6456098608273538,-3.6466824455914586,-7.186983661562424,-18.805153850887063,-39.994094207820176
KIMS.NS,676.6500244140625,-3.8849397139115767,-3.4115999993378527,-7.066330572318824,-8.26327998770029,-1.1107015836225795,11.199675335096549
NESTLEIND.NS,1214.800048828125,-2.574382465107559,-3.503056218182474,-3.7934508747937703,0.18143437955492353,1.3928157263958265,8.384009472615281
MRF.NS,153500.0,0.18928268389791789,-0.6504643862658166,-3.314319007633287,2.571266618367127,9.226917141421284,17.573680873027666
APOLLOHOSP.NS,7096.0,-1.3005076848181374,-2.016017674675504,-7.144726511384454,-10.177215189873417,2.741416851757733,-2.1941328895417382
KAJARIACER.NS,1041.800048828125,-1.223087412625453,-3.4834143723822995,-7.395551215277778,-14.689753195400993,1.1825820520259278,-13.258358172654003
INOXWIND.NS,124.4800033569336,-4.422605876297199,-6.609640913018029,-16.707925126258953,-13.705370289820731,-32.847814297972214,-39.04612544664198
HINDUNILVR.NS,2314.0,-1.0519155318989455,-6.610704883374032,-4.142502071251036,-12.540680468936497,-0.6275946204258249,-5.527296794076957
DALBHARAT.NS,1993.800048828125,0.24132975505907492,0.35232533863328686,-2.1447828796012267,-17.16932587256604,-0.6917198218250077,3.3950593838181877
GLAND.NS,1699.5999755859375,-2.9687143597159045,-3.76535875201161,-8.770801095762883,-9.883352301912115,6.429653395399296,-6.47513102131976
EXIDEIND.NS,373.25,-1.8150714210883976,-1.3740288120763968,-1.086526046693875,-7.987179682973779,-3.1350255415198194,-17.25515639154411
HDFCAMC.NS,2551.5,-1.008729388942774,-1.8276260100038477,-6.06534744592729,-8.375976299488284,7.831346372009304,19.319835616094277
RVNL.NS,307.1499938964844,-1.190288606846324,-3.3815665952797875,-3.4119516048791274,-6.05597723544635,-24.120088302351036,-30.34283726590599
GRAPHITE.NS,526.1500244140625,-2.1116233648255816,-3.378930087480177,-8.852312790980944,0.9206960876386915,-1.579398404663299,-5.81496145494657
INDIGO.NS,4923.5,-8.323247369891073,-13.584905660377359,-11.820542670368049,-13.546971027216856,-7.522590332440108,12.893766200730521
CONCORDBIO.NS,1362.5999755859375,-3.2519204795654004,-5.217028469232651,-2.31558163759391,-18.34361985634225,-24.62958845397267,-37.62188478777708
ARE&M.NS,927.7999877929688,-1.8824014649470624,-2.3984839447229245,-4.8029824118412705,-8.674602322541016,-8.989740815723545,-28.98112311587863
ITCHOTELS.NS,205.4499969482422,-0.2234018288018883,-0.9115459742597898,-2.6211010007026214,-17.11046702076792,-0.5758819419866213,
AARTIIND.NS,351.1499938964844,-3.2777838580373158,-6.8814669284062155,-10.375190189634273,-7.786238142582169,-25.191515594242187,-21.584380176987242
UBL.NS,1676.4000244140625,-0.40991054558966705,-2.5915151415419815,-6.0629806484419415,-8.732579494234956,-16.33391088415232,-14.282483766932916
SOLARINDS.NS,12436.0,-2.9877525548014665,-6.5454272187570455,-8.37692477713107,-11.544206558076677,-23.631743785260337,14.935056026767501
HFCL.NS,66.48999786376953,-3.6795610031056927,-5.981339485179858,-11.192740183511031,-4.864498961530224,-25.235416835741738,-48.52710346038165
OFSS.NS,8026.0,-2.348217544713469,-0.9013458451660699,-0.6252708475205845,-1.7250323796693883,-2.930570273261942,-32.38662044493762
JKTYRE.NS,449.6499938964844,-3.1552862980080034,-1.0453345210832208,-1.9302085285748363,30.503558214219854,20.566987114732616,15.34027701616871
WIPRO.NS,261.3800048828125,0.565580854907828,4.480955668511786,10.524757415326755,6.698780903921765,7.607093708278601,-9.18234955056137
ASTRAL.NS,1433.300048828125,-1.7951319747773211,0.9579557740368982,-7.874391310109585,0.9408403637022,-4.797636901912959,-21.259323032088975
PGEL.NS,529.5999755859375,-4.387082100931583,-9.80927033781898,0.24607000246197086,-4.534523386987995,-32.95369382396555,-31.766464403021853
360ONE.NS,1128.199951171875,-1.6133252627327528,-2.9839257471571075,5.834892230007036,9.011550451115962,13.683697013516507,1.1073525835437317
COALINDIA.NS,377.3500061035156,-0.6843021502783649,-0.4222208871816834,0.35904417646692155,-0.9900986135016141,-0.2726873495571956,-3.3238747400046584
IREDA.NS,131.2100067138672,-1.6416696272989129,-6.398905999845867,-12.157721762709427,-8.888263510322648,-25.112720914311552,-40.59132194545622
CAPLIPOINT.NS,1927.5999755859375,-1.823370091828781,0.42721428923489824,-0.25355883125808537,-8.824379538745758,-10.631177360130756,-18.80406690822153
TITAN.NS,3767.0,-1.214172717469573,-3.0572867192163575,-0.06102058202663077,2.0562948805410186,7.171656553532929,9.801853098126415
LLOYDSME.NS,1219.5,-0.06556164845632027,0.7185291394970841,-7.304650149688306,-6.062236491445957,-9.900258588843739,15.111423140381024
TECHNOE.NS,1062.5999755859375,-3.215233449599772,-8.546350524280372,-17.1978543477595,-29.324881479705507,-25.85483992276478,-29.90866357399492
PAGEIND.NS,37235.0,-0.5873715124816447,-0.9839117138678367,-6.004164265122578,-17.58644027468881,-19.186089049636053,-17.76542420233714
HCLTECH.NS,1688.5999755859375,0.3327377056409685,3.2467120505006117,11.650353631813699,17.929869933678674,5.1434192190129675,-8.897631261265948
SUNPHARMA.NS,1796.199951171875,-0.5040767412684196,-0.18338698683662127,6.196046189257769,13.518289562220986,7.614526751090006,-0.026266556219398714
CDSL.NS,1520.9000244140625,-1.9153844730748202,-4.472077901117448,-3.6673437182269653,0.7618921302498463,-8.889388753242182,-17.38459852180704
GAIL.NS,166.80999755859375,-1.8649242549849823,-4.680001395089286,-7.56912704034621,-4.49444975319132,-12.486545240413319,-16.639253545671785
POLICYBZR.NS,1913.9000244140625,1.0613567994348334,2.5504996163840947,7.2934169763818115,2.655009619813575,8.886617601488094,-5.130365755302335
JSWINFRA.NS,262.95001220703125,-2.3398283353644382,-3.6460175566098854,-6.1563166482856895,-14.222794755217258,-9.360984837088804,-19.368837569169138
BALRAMCHIN.NS,429.04998779296875,-3.399753756843437,-4.676742507243094,-0.0577085976000389,-21.9674440444514,-27.01943669142695,-26.216017071104762
TIINDIA.NS,2566.800048828125,-3.7461995789908507,-8.121842227493763,-14.027332366343725,-14.351492126222231,-15.956649813145745,-31.562954862890113
TATAPOWER.NS,374.1499938964844,-2.6918091296529583,-3.6813020623424335,-4.844867171702041,-2.2085760774256307,-5.165171901535401,-12.648943877120624
PPLPHARMA.NS,174.64999389648438,-2.8913049933611332,-5.732180132277976,-12.302285087055933,-12.227360716385514,-15.031524679163304,-36.25272207388892
TRIDENT.NS,27.110000610351562,-2.587133723781238,-2.866353426851505,-3.3511538405570738,-4.340153618961818,-12.066167118262234,-19.867778390791845
LT.NS,3996.699951171875,-1.0276856149224807,-0.8386068435212753,2.941402477060528,11.24811675474965,9.630783522892335,5.283093834760198
STARHEALTH.NS,461.70001220703125,0.8408880751756884,-3.6720166981393123,-5.5151912465105255,2.1347250690518873,-3.339261361512711,-5.957836698793159
ITC.NS,402.29998779296875,-0.6544077871783521,0.33669423739546805,-0.4331147266106794,-3.270018346501973,-4.054376459556165,-10.977660620111013
NH.NS,1924.5999755859375,0.4016876766553664,0.74856966928231,6.307995450278228,4.740134725765306,10.482373285985116,47.19461640604716
SUZLON.NS,51.779998779296875,0.07730401919705418,-3.0700101944253144,-9.75950189016318,-9.822360796762862,-27.265069527262625,-24.14298687545232
BAJAJHFL.NS,93.6500015258789,-1.988489236206207,-3.473505703762915,-14.47488445125214,-16.383927209036692,-24.42095169228352,-36.157883995341535
HBLENGINE.NS,803.5499877929688,-0.5014843877416372,-5.073834873837123,-17.938115014741747,-5.470558391161163,34.01512389974988,
TCS.NS,3236.5,-0.05249679443852141,3.214594839995898,8.179020896390549,4.938172803316047,-4.6736619750516555,-24.97664982616967
EICHERMOT.NS,7142.0,-0.9156492785793563,0.4147627416520211,3.717688062735986,11.15953307392996,34.948840211440654,49.55106000388733
M&M.NS,3681.699951171875,-0.9523592465722384,-0.9363661732308624,-0.23033982202782005,5.750393542205227,22.650418188080735,20.825589229581826
ICICIBANK.NS,1389.5999755859375,-0.20826028108168762,1.2090295401265476,3.4698418157809012,-1.1312717477098897,-3.4593443147918603,4.775322084442614
NAUKRI.NS,1372.0999755859375,-1.195360853287952,-1.0457233704964342,2.164114558035234,3.207384787835822,-3.6958241818498827,-19.15085053408556
SONACOMS.NS,486.3500061035156,-1.318859677285826,-3.959318332272189,-0.9672164408401127,11.051488194411634,-9.867233213697121,-27.475873479125635
SONATSOFTW.NS,354.75,-1.7857176049413466,1.32819017863984,-3.2166243852402716,-1.1059222457414615,-12.403961925224019,-46.13245566849715
BIOCON.NS,383.79998779296875,-2.253917290483591,-3.809526868930138,0.8937944140476489,7.552187537762135,15.063818527858174,2.415231942805457
CREDITACC.NS,1250.300048828125,-3.1300770025651126,-5.6234901308993965,-7.17202270658218,-7.849351132614167,7.998626722106716,33.29424827591951
GUJGASLTD.NS,400.3999938964844,-1.5127276057418537,-0.7067591081253874,0.28803854639558546,-8.276637340811781,-11.805605550255278,-18.288529777871446
JSL.NS,766.8499755859375,1.5157467304500458,0.8018370799786395,4.796716854928254,2.6710336751596158,19.560817234171367,5.652228169868731
NUVAMA.NS,7127.0,-0.6343673753921227,-1.9535011693492914,-1.4461447505967817,10.17505535701548,0.9491900257101982,7.7253538174496805
JSWENERGY.NS,453.8500061035156,-1.7534377940194665,-6.258388552091391,-12.578255848922975,-9.68159082517102,-8.422564600493992,-31.394487038088492
KOTAKBANK.NS,2131.60009765625,-1.0812476561977777,-0.5040984493924403,2.073459168495607,9.329648204332322,3.414305159490272,20.218443951725
BAJFINANCE.NS,1026.4000244140625,-2.06106637270396,0.08776444798269137,-3.7689810699452835,9.804763243012838,12.56237888853562,50.75520418715996
TORNTPOWER.NS,1255.0999755859375,-2.697887291221111,-4.431589970176289,-2.0371508414486468,-3.0736001295647806,-9.805585717501373,-23.480967435100872
BLS.NS,314.8999938964844,-5.364389512701916,-2.703537823269227,0.3025901106914654,-14.160468825337839,-23.489045445549923,-24.881472563353558
USHAMART.NS,417.3500061035156,-3.3912022908528647,-2.087975107679619,-11.662610790529596,9.468854059938526,36.631344216304676,3.8992163413445065
JYOTHYLAB.NS,282.8999938964844,-2.4987076176146856,-4.215341780852279,-9.42852941621882,-16.040960484470045,-16.98244751170342,-30.699616331328492
TATACONSUM.NS,1145.800048828125,-1.4704596463099633,-1.4111085039380336,-1.8334392768149437,6.97414573287833,2.2670496126904314,19.4362884536322
KAYNES.NS,3807.0,-12.553118180774089,-29.61079781824905,-38.8433734939759,-43.75,-34.59886617419687,-39.08312665013201
IRCTC.NS,661.2999877929688,-2.058652867707657,-2.742852280203201,-5.412615214313027,-6.337066051810379,-12.969768736590215,-19.97193373590353
INTELLECT.NS,1022.5999755859375,-3.1720481748343743,-6.731124332796798,-9.720135987648773,10.342592455995414,-13.764952298717285,32.017160212544574
HDFCBANK.NS,1003.0999755859375,-0.019935434014230508,1.343704582440411,2.1174781687315454,4.353703572009103,5.238740671588628,8.981250675132058
GPIL.NS,227.07000732421875,-2.5199600994526645,-3.877572098796963,-17.323862235437925,-6.942333332228576,17.87127297324913,10.813416283456972
ZEEL.NS,93.66999816894531,-3.9282070062099357,-4.271845038690817,-5.192312474044229,-18.34190661969533,-25.25521563061879,-33.06085912738612
REDINGTON.NS,267.8999938964844,-0.3162813408430233,-4.440881732113907,-8.253426747779322,10.47422428721005,1.5056073786208841,32.659413720613834
SKFINDIA.NS,1805.0999755859375,-3.8971448298612974,-7.388025334960603,-13.124461778504134,-60.75698829878593,-61.35897576603273,-64.75759173563709
TITAGARH.NS,763.0499877929688,-3.295101755558469,-5.551433997495134,-9.516186548279837,-8.753717656145207,-15.854226787123524,-35.606919368260435
ASTERDM.NS,618.6500244140625,-2.5901356958325223,-6.955932967630347,-10.715831632822942,-2.6514517051042485,12.037809144158802,27.86986996862155
BDL.NS,1423.0999755859375,-5.910745415805785,-6.700325835608997,-1.6992454524865093,-0.5674919790242219,-27.90060208197055,16.837544486678528
KEC.NS,681.5499877929688,-3.1751720195916,-4.323715708368556,-10.245603515419345,-20.85583597855622,-20.531865387501732,-43.03336745936047
POLYMED.NS,1858.0999755859375,-2.158917409671921,-3.4853509914694074,-1.8851025621357727,-8.447055595409564,-17.151244275338488,-36.31685179332587
SAILIFE.NS,860.0999755859375,-1.8038644123448355,-1.9773247911244054,-1.7533881326240348,1.3671155669932233,18.79013743342127,
MARICO.NS,729.2999877929688,-0.9977650685534192,1.6658552469135275,2.487354245966199,-1.2591373003486757,4.573577955765411,16.933524189805176
BPCL.NS,357.54998779296875,-0.7632528707106624,-0.3344981761759582,-2.614736827756093,16.647378425338776,17.020093137071303,27.20742298576269
ZFCVINDIA.NS,14717.0,-0.5137565064557561,2.109206965933532,16.06466876971609,7.258946140951826,9.576083106822264,18.854232619208283
GRAVITA.NS,1796.699951171875,0.17841935722748814,1.119985468082063,5.021036935472984,8.378567876260853,-3.184615589032327,-17.75410395038927
APOLLOTYRE.NS,520.3499755859375,-0.21095725291823422,0.21183930398411172,0.960409572642609,7.178161809667868,11.541505947850043,-2.688831000908346
INFY.NS,1610.800048828125,-0.3341110324768069,3.190265780148943,9.07367250606012,11.78807047125986,5.2554693755331305,-14.284277798293504
NATCOPHARM.NS,897.75,-3.8399717784308707,-3.731702133772859,12.071666198581847,5.122447443729107,2.6576518383754717,-37.350893173625
GSPL.NS,290.45001220703125,-0.9716930462162883,-2.680515889692943,-3.0216987622600167,-2.757944732394119,-10.167558513054704,-21.393629239576555
KEI.NS,4095.199951171875,-1.640447912288339,-2.129385026756689,4.023569914121018,-0.7416708266081932,13.882089854612763,-7.969136903840949
DCMSHRIRAM.NS,1202.5999755859375,-1.4988982277158696,-1.4746846108496168,-3.3202064488727165,-2.758526409091941,12.43653139365641,8.451362558191736
JYOTICNC.NS,911.5999755859375,-4.092585419680431,-7.8540395396519065,2.8719686814546943,3.116338235776385,-30.56592591711027,-33.14019522297652
LTTS.NS,4540.10009765625,-0.13856688419011134,0.810462723344269,11.026610385123304,9.268392256738018,5.542711305631374,-13.79609258089898
CGCL.NS,185.7899932861328,-1.6932176908937109,-2.0043267710103123,-5.445575809403449,0.31708480374826764,22.352396536491685,-10.007320814654046
BOSCHLTD.NS,36595.0,-0.8802816901408451,-0.1773049645390071,-0.5840804129312687,-10.961070559610706,18.070004500571994,5.432087983718457
RECLTD.NS,342.6000061035156,-3.0285825245267874,-4.154428758255198,-6.124128060266173,-4.781082827177287,-12.517806090197158,-33.94199015995284
TATAELXSI.NS,5034.5,-3.507426928605654,-1.8041739808855082,-2.8088803088803087,-7.249447310243183,-20.656824275589415,-30.895435628971374
CYIENT.NS,1141.9000244140625,-2.334923699787202,-3.130303943467406,2.6242540238664094,-2.182581945378148,-12.308534409154126,-40.12671998680982
CRISIL.NS,4345.39990234375,-2.335196702957343,-1.1330608562918756,-8.002710077807226,-13.837934886172453,-16.823040915077687,-18.023361103552563
GODFRYPHLP.NS,2645.800048828125,-3.1658309283089014,-5.294051076663059,-12.216322202119278,-23.637517825457014,-4.197220541114531,42.87568307857024
BSOFT.NS,428.1499938964844,-1.0629707922624205,5.7290976639339135,13.911653795301612,15.267746805998456,9.023641521153452,-28.300162782981854
NUVOCO.NS,340.29998779296875,-3.0898494353139876,-5.825382027118797,-10.799478953350263,-26.42162426097973,-4.904294539950396,-6.626429854622619
WELSPUNLIV.NS,132.0399932861328,-1.9747614865436622,-3.1822931817673252,1.9771375062296708,17.92443676576362,0.5896674116312586,-19.197358923624115
IOC.NS,162.10000610351562,-0.9531941364332996,-0.14783185893111025,-4.173561956581548,16.05098410892294,15.502082017089078,18.76569552435167
MAZDOCK.NS,2483.699951171875,-5.068229758878127,-6.317893900305867,-6.987982408124525,-7.047879423975136,-26.38807515811582,2.609548771492613
AEGISVOPAK.NS,242.8000030517578,-6.471495630496558,-11.917283356466466,-6.669225928035291,0.667523775469379,0.33057977345364153,
TATATECH.NS,650.8499755859375,-2.3407661993181317,-3.777357762554482,-3.2840532313260042,-4.957653740101284,-14.540398606940167,-30.54050409877444
NAVINFLUOR.NS,5563.0,-3.6209286209286207,-3.8624384342867017,-6.801809348299548,16.798507672312034,26.88173072864573,55.04690352878959
HOMEFIRST.NS,1118.199951171875,2.2027215175679835,2.399262927827381,-1.21908558552341,-10.608367627488528,-11.450751668123429,6.5305925457726675
BBTC.NS,1812.800048828125,-2.0372845810253986,0.06072184610583092,-4.664735796575072,-3.4254929196161354,-10.690708187009934,-21.93850415658075
MAPMYINDIA.NS,1638.0999755859375,-2.050947639763535,-5.574133647708241,-9.771414178687001,-0.5946992343549219,-15.226555329404286,0.9812461782065327
HINDPETRO.NS,445.95001220703125,-0.9770165064620895,-0.9990009719284358,-7.0065637454344545,17.15984064281654,13.279569384006601,18.021243822272705
CASTROLIND.NS,189.10000610351562,-1.1138365693728336,-1.253260520357376,-1.046572441717576,-5.151220978681013,-11.05309164205999,-8.807817613545428
LTIM.NS,6256.0,-0.5721551176096631,1.4925373134328357,12.366412213740457,20.548923726104924,23.816636437995662,-0.1540439158030417
PAYTM.NS,1321.0,-1.7551670395987713,-3.1666876351054976,-1.8937987374675083,6.437839496076114,42.91123869642875,38.201604199469166
TEJASNET.NS,472.1499938964844,-4.452089501514515,-9.54980959837464,-9.601760495610622,-21.117700521982904,-33.387621560809144,-64.68307514381831
TBOTEK.NS,1605.800048828125,-1.1997784663859392,-5.418777085293483,0.3625030517578125,0.9302356271605907,23.078110594378686,4.296432524608111
TRENT.NS,4090.5,-2.213671571190298,-3.217792499704247,-11.600713749814018,-26.017362995116656,-27.17168684989577,-41.26276984484178
COHANCE.NS,530.2000122070312,-2.2762834510743954,-2.822574059386225,-25.070657080225008,-41.41436329204075,-49.393906946927785,
TATAINVEST.NS,716.4500122070312,1.1220906431942486,-2.204472279157452,-8.2943984375,6.180068500486291,5.945180039665641,4.467191219368324
APLAPOLLO.NS,1736.0999755859375,-1.9706394361413044,0.08647526929044888,-3.576785582563871,3.7778677894401334,-3.6895723150769806,11.082306763516133
MSUMI.NS,44.79999923706055,-1.7543843505051042,-3.4690812662033195,-4.232577156698439,1.47224844556492,16.142547347859264,6.9572355973336215
NLCINDIA.NS,236.85000610351562,-1.0651578354138784,-1.9092191179363567,-8.286541683053,3.1810828368725117,-0.5488769447720926,-9.256956145408193
TMPV.NS,348.29998779296875,-1.4988739307304497,-3.71804069302868,-14.14839109858614,,,
PRAJIND.NS,301.04998779296875,-3.043482192280596,-5.121336471844671,-9.567439677820907,-25.111943335082398,-37.522872841567555,-61.696809197978695
AJANTPHARM.NS,2658.300048828125,0.6703003301251547,2.692573149285677,6.493874722661936,5.107266220878032,7.062220665598312,-10.093368859800394
ECLERX.NS,4760.2998046875,-1.4879431256748703,-0.719529519590621,11.234952790921838,7.238112293027708,37.40090008067239,28.66285556067542
SCHAEFFLER.NS,3793.300048828125,-3.4341404210726636,-2.4407155891030725,-6.990483040954016,-0.490554857604276,-8.330109984820565,5.779396918109756
NEWGEN.NS,845.75,-3.7827076222980662,-2.9379670974022636,-10.781160492744513,-5.933708935001325,-30.95350043759581,-35.095390810323984
SJVN.NS,71.23999786376953,-3.8207126268591565,-7.9229735882144645,-16.040071720805695,-22.58773987882076,-26.790187205614448,-38.17962026048913
DIXON.NS,13563.0,-1.3528256600480035,-6.423347592107079,-8.660515859653849,-23.991507152131124,-7.137722090993119,-21.55969365129102
HAPPSTMNDS.NS,491.6499938964844,-2.5856980374301384,-0.40514535090207837,-0.5964440296456117,-13.203789374416388,-16.379120175837354,-34.64266502229236
BERGEPAINT.NS,539.0999755859375,-2.7772812288660957,-3.568556058071014,1.5158625323435764,-0.36961746262033607,-2.5465878119765364,12.387264272902913
IPCALAB.NS,1447.699951171875,-0.7813052295806213,1.2873365784067508,9.815663927098942,8.101852147250783,2.3950366429891625,-2.922358730805783
NAM-INDIA.NS,809.5,-0.5528255528255528,-3.3894287607787614,-4.714259121704412,0.7203987003023848,11.777184045691039,17.12023793439319
ENRIN.NS,2953.800048828125,-4.660767691547204,-7.529035980456215,-7.276495533719624,-16.216138169674515,,
ENGINERSIN.NS,189.83999633789062,-6.344351654645195,-3.5721917275339714,-2.8702390029887574,-4.412753669509258,-16.394947336901033,-4.000112965063625
APTUS.NS,278.75,-1.047217635497716,0.2517576830654159,-4.668260663957727,-14.617067350970508,-16.59622058362411,-12.019831292231844
WOCKPHARMA.NS,1315.4000244140625,-3.279409969554228,-12.001606807191793,-1.6670350281673356,-10.874720329632021,-10.272849630691509,-8.244974413002804
AAVAS.NS,1496.5,-0.04007585303063548,-1.208083459086381,-4.929799681691245,-6.527170518425985,-18.81848865247396,-9.827667991399764
AWL.NS,250.60000610351562,-0.8702519468687523,0.48115967778624946,-7.459373190554336,-5.736317340561586,-7.253887941536365,-19.356393852448715
AFFLE.NS,1610.0999755859375,-1.390254321616388,-2.9065954183773415,-7.846839481307353,-15.546814813221216,-9.361632883504283,-9.180133809473086
FIVESTAR.NS,572.2999877929688,-1.4380498183083388,-2.045359385028883,-11.422378978739435,8.66798846723595,-17.88324725283146,-11.804730316074899
KPITTECH.NS,1220.5,-3.67008681925809,-2.632628639808536,5.85429314830876,-0.35921498296706095,-7.893012457793009,-17.710164329699058
VGUARD.NS,336.04998779296875,-1.897533274451169,-2.452833732084543,-6.89846892144736,-8.057458880172709,-9.9799460142223,-20.89338995570277
GESHIP.NS,1071.4000244140625,-1.7965147191510082,-2.3425350235879105,-0.6544851224106314,11.029603098892766,11.803214620959988,2.329981176544657
BLUESTARCO.NS,1723.199951171875,-0.6457606713867093,-1.2719189258428107,-1.6831175227839748,-12.108539598604965,12.998599490001755,-9.630611319394173
ASAHIINDIA.NS,1028.300048828125,0.1168409376607068,-3.572765820862736,10.002146154912426,22.95827619725938,37.75390803061095,44.392192280573404
VTL.NS,430.1000061035156,-0.5893881495301393,-0.42829171228936724,-1.870860579016578,5.850168435515593,-11.780796999618042,-14.300352472705635
IGL.NS,185.02000427246094,-3.534931528372954,-6.758045103207337,-12.726413079027859,-14.216761895921984,-10.137364062567162,-2.8185220621837916
SUNDRMFAST.NS,922.7000122070312,-2.0956018615511938,-2.9298801687011613,-1.856088044874196,-8.672427531569673,-9.757858235679318,-17.944915277236504
IKS.NS,1594.9000244140625,-3.045591221029635,-5.212168812812145,-3.9332567569177224,1.4761133780585345,5.931193562444893,
KPRMILL.NS,973.7999877929688,-0.7946198030733216,-5.180137507987463,-9.067143001908281,-1.7851752099880231,-13.328821976280771,-1.1989093865543976
SCHNEIDER.NS,741.2000122070312,-1.6258543767378657,-1.3968338206050364,-14.008933034390065,-12.702429437197695,-2.576232373872107,-10.547908032111888
SWIGGY.NS,385.8999938964844,-2.155172447145357,-3.3800701568109943,-3.861484861904916,-8.792250453886757,15.781580567050135,-28.537038167317707
PREMIERENE.NS,869.7000122070312,-3.388135923840167,-9.93164517436043,-15.546710917646758,-14.103702498070989,-19.210549531994726,-31.617710716655758
ACC.NS,1796.0,-0.12234185472206839,-3.0185227969716752,-2.4178212442271123,-2.4125203121641103,-4.291183980946748,-20.468839732368345
SWANCORP.NS,444.0,-0.6489133891454252,-1.486579104851137,-5.3102994712303975,-0.3498408123961606,6.868232403312072,-37.04410281760789
CLEAN.NS,892.5999755859375,0.5123571708251056,-0.717425315011132,-4.799488179580849,-22.752057500135223,-40.52383295317074,-30.363754764518685
ADANIENT.NS,2216.199951171875,-2.1717998275259673,-1.0448359289171019,-6.465770131092413,-2.747064082627265,-11.97004274578877,-12.100903968096041
ERIS.NS,1533.9000244140625,-1.1471242713109346,-2.2806859827628654,-3.782456944217495,-13.024492762059584,-2.056059745472365,6.3868017707048015
DEEPAKNTR.NS,1544.5999755859375,-1.5551322124960165,1.3118195146443943,-10.228990032390563,-11.70687355493321,-22.24434375014979,-42.75303536388263
PVRINOX.NS,1088.0,-0.27497708524289644,-1.5562750571638555,-5.653828818291156,-3.0130190191588793,10.428825171276326,-31.902107200918557
TATACOMM.NS,1811.800048828125,-1.4200976788309465,-1.97478759052904,-2.0330904666149845,15.68865826399504,9.703297884276552,2.1099267067228706
MAHSCOOTER.NS,14110.0,-3.050707709220833,-0.8293505763283667,-2.6224982746721874,-14.155748369132468,6.897237226852776,49.46505095427677
SCI.NS,223.72999572753906,-3.672607845104301,-2.36100361199258,-15.03796540344014,6.672959790937319,15.003049519873175,-1.086750106908217
KIRLOSBROS.NS,1537.5,-3.635224067690379,-7.379518072289157,-10.360305283967923,-23.829576418132277,-13.336010390431072,-32.94830995691405
ELGIEQUIP.NS,483.25,-3.5043906191595067,-4.486611653196791,0.8556832214843753,-0.514668039114771,-9.253142874498776,-25.420322460257637
RITES.NS,222.36000061035156,-3.0942237844389218,-3.3721513434259367,-7.547429208611879,-12.130846942747151,-18.528339393332203,-20.237918133410137
RCF.NS,136.7100067138672,-3.7185707268326533,-0.9993407637195953,-8.14968417258384,-14.138918315014173,-8.227124531977056,-23.457248822909072
HONAUT.NS,34250.0,-1.8484023499068636,-2.9057406094968106,-5.045744385916274,-5.150927720852949,-12.094698712800907,-16.217967442921342
RELINFRA.NS,146.97000122070312,-5.002912001341345,-8.895366632779266,-16.44209350690766,-48.8622114328789,-58.81462835730768,-51.358595336905886
ITI.NS,306.0,1.4588838884088757,0.016338549100930938,-2.7181650372837405,-1.4968594842573404,-7.07561149611019,7.936507936507936
AIIL.NS,2589.0,-1.9800873759620436,-0.8995215311004785,-7.5390196883656335,-18.2584548325976,8.81809234758886,62.46842511381131
ESCORTS.NS,3676.199951171875,-0.9350818422765599,-2.15586077538237,1.2950512683883295,1.180742073795607,9.231696652512511,7.86018196324146
POWERGRID.NS,265.20001220703125,-1.7049576701490792,-0.8412787052925204,-0.8598085207359814,-4.307544344376266,-7.583255717399872,-16.55411971395495
VIJAYA.NS,1015.6500244140625,-0.16709600557034682,0.47485274215322204,-0.7766658227325791,-6.769781379403464,5.800563730171467,-11.280994106089535
