Symbol,RSI,MACD_L,MACD_prev,Signal_L,Signal_prev,HistTrend,EMA20,EMA50,EMA100
HSCL.NS,53.080140144677024,6.65743949436353,7.529701420377307,7.319488838264101,7.485001174239244,-0.7067495900386342,478.4816566187781,469.9733197696154,467.6187170777583
ABCAPITAL.NS,57.122645128838705,4.312981333884977,4.530347242748519,3.9360729779333803,3.8418458889454805,-0.31159299785144157,353.5618803591714,342.08273117366684,320.8940467988357
BRIGADE.NS,52.521227081158266,-1.8545769501738505,-2.9944968788905726,-6.860310603486585,-8.11174401681477,-0.11151348461146249,887.5330121830634,904.7157592115551,935.0112098635939
CRAFTSMAN.NS,69.37863931842631,263.28149135381955,251.42087623066618,175.60026359037994,153.67995664952002,-10.05969181770655,7446.355994555868,7145.217097363173,6852.280291606999
ANANTRAJ.NS,57.296231856752314,2.863418773538342,1.22765432860092,-4.167433004866849,-5.925145949468147,-0.12194849966387622,563.1266266846347,573.9558212215884,581.2386510492591
TARIL.NS,56.45741296767967,4.123916462334023,2.75797049039204,-3.064407122468869,-4.861488018669593,-0.4311349242587408,300.68893154614767,325.7488780938675,374.88631665085694
HEG.NS,73.70891300384821,26.76860685247391,26.071895053478897,19.232854151286606,17.34891597598978,-1.1872263763018154,583.3174073091361,555.228239359965,536.5257638738935
CENTURYPLY.NS,48.65519890751795,4.3553874855244885,5.603011434314112,7.85964118022879,8.735704603904866,-0.37156052511354787,819.3578858266819,805.3232178875178,789.8893576603181
EMCURE.NS,68.5373162297465,26.74698572943953,19.509546321845846,12.504673660121837,8.944095642792412,3.676861390264259,1431.6309326692956,1403.9070071054152,1377.7696565979768
IIFL.NS,77.96181255704485,24.771340143447674,22.86233240302795,17.834414380767143,16.10018294009701,0.17477629974959186,608.1656863480267,572.5298688000246,535.5979529406541
BLUEJET.NS,42.40442397138458,-10.728212655367201,-11.442236672694548,-12.325485045676482,-12.7248031432538,0.31470591975002904,536.4751060798196,567.2311531229533,618.4252751441559
GMDCLTD.NS,67.99217687480504,23.001942816153132,21.651279194338372,14.761843283986508,12.70181840094485,-0.7093612612268974,574.0008320772947,554.7776465913818,527.9485617224184
VENTIVE.NS,63.96338010597729,11.185976967272495,9.97294630790168,5.131192458596984,3.6174963314281054,-0.3006654677980629,737.0264260229,730.8610943419575,732.1681698876635
PHOENIXLTD.NS,84.70226696473898,48.923167242066256,45.764488115378754,39.53198128800298,37.18418479948716,0.8108826381716838,1855.047631299903,1783.4765638917818,1715.6784229906455
FEDERALBNK.NS,46.21833715475638,2.2169182785636963,2.9391702854248933,3.9710499792066236,4.409582904367356,-0.2837190817004651,261.71012473730434,251.7838974349025,236.99855376628287
ADVENTHTL.NS,51.40531744617111,1.9345988073320655,1.4500375614697418,0.07254008142923389,-0.39305195979344987,0.018969204639639914,232.15641402976962,232.74348359082666,234.24132615143003
LATENTVIEW.NS,46.95916133832749,-4.4846889344597685,-4.820674299530026,-3.1389902893334383,-2.802565628051855,0.6724100263518409,466.6011356670428,464.8406763582799,453.15526575896456
MANYAVAR.NS,33.40277186045435,-11.930220385913685,-11.020580241585435,-11.196645650713094,-11.013251966912945,-0.7262464605281007,582.160147742154,609.0724149799001,652.3876643381675
SARDAEN.NS,47.37568902199288,1.4137938167615403,2.236040611147814,2.608476726464839,2.9071474538906634,-0.5235760669604494,512.6506651156071,515.3685859708487,517.0408227467975
FSL.NS,46.15648458542396,-2.85894032386625,-2.948892593360256,-2.2827812746842597,-2.138741512388762,0.23399203178950367,341.076648274388,344.3909286423014,347.1677096817782
JUBLINGREA.NS,61.9168252418494,11.03742380743222,9.725655798001412,6.536915389258639,5.411788284715243,0.18664090488741092,715.1383520464358,704.9320111673744,704.1232206915305
NEULANDLAB.NS,36.454138771557346,-450.50385917032327,-439.70116051838886,-396.10919644450604,-382.5105307630517,2.795967029519943,15406.39889562475,15806.337079969533,15466.463876887883
AIAENG.NS,61.875326836425344,95.50195723536672,96.70757006307804,85.23960914584742,82.6740221234676,-3.7711998500911506,3928.9110734795745,3752.820542652804,3580.1765784843683
GODREJCP.NS,77.53099870362136,26.9994547403262,25.54114365660007,21.52237482401495,20.153104844937136,0.0890411046483166,1208.035704073754,1180.4243484321491,1176.6650659161958
IDBI.NS,61.04957883790102,2.7138232760208325,2.684126483258993,1.7492980073592341,1.5081666901938342,-0.21143452440356025,103.54837157235222,100.50111315550514,97.58849427860878
INDIAMART.NS,36.33838106756366,-37.427259257493006,-36.02279435171886,-36.392858353185986,-36.13425812710923,-1.1458646796973895,2223.8472418206416,2292.7868621583552,2350.1798374147966
MAHSEAMLES.NS,48.558998332567405,-2.5749752931018293,-2.9364764384113187,-3.6505066996024467,-3.9193895512276007,0.09261829368433538,557.8928350850641,567.4067883710028,588.5757434944292
GRANULES.NS,62.4318825223315,13.255927535119781,13.322127402079332,12.72272267942996,12.589421465507503,-0.19950108088200835,596.9014621448059,576.646812952884,555.9734098180538
NIVABUPA.NS,45.70993280952752,-0.16994800981213132,-0.13628109455000015,-0.12797201427823002,-0.11747801539475468,-0.02317291637865583,75.15320787021517,75.8738020937642,77.43243239017511
CHENNPETRO.NS,34.98398853175105,-31.577612505159436,-31.139541143643214,-27.996082784933332,-27.1007003548768,0.4573110685403101,853.823217078611,875.0223267471945,841.2895881770288
MUTHOOTFIN.NS,66.14450217086011,62.621221922562654,59.781237155455074,59.152803343818924,58.285698699132986,1.9728801224216426,3816.855566507526,3654.629292585099,3388.0414149938333
KIRLOSENG.NS,57.51308860156101,30.53166686985128,32.49345116223708,37.551484906042674,39.30643941509052,-0.20682978333795177,1225.7310543349295,1152.3902099712122,1069.01865352228
AKUMS.NS,56.48841292428296,4.643503927477809,4.68008019065968,3.474919148635318,3.1827729539246947,-0.32872245789249455,441.41853467632336,442.1455257089052,457.655142297491
MAHABANK.NS,70.28388767211052,1.6551486036228908,1.5649234950888555,0.9104753947780576,0.724307092566849,-0.0959431936771733,60.42117488572746,58.91493647699378,57.631655790344716
JPPOWER.NS,43.19908649952424,-0.25769455155606025,-0.2633910934907675,-0.28231065720584686,-0.28846468361829347,-0.0004574844777393561,17.72227685999503,18.068828427676912,18.193121295697168
GODREJPROP.NS,56.9312550350738,1.3236771609440439,-3.3736610924643173,-16.33122585120637,-20.744951604243973,0.2836125003707579,2055.088543181339,2077.848633015442,2106.6555647312625
INDIANB.NS,63.59708088978169,9.866473624551986,7.876048228214017,-0.776040767986047,-3.4366693661205563,-0.6702032017965411,821.8742842033319,812.6652644086279,778.1537498075288
RHIM.NS,68.28787699518142,5.198583041865959,2.647133167555637,-0.1744277073824391,-1.517680394694539,1.2081971869982224,459.91078846132325,459.5827165365474,463.3574719129947
CHOLAFIN.NS,62.0892349745295,21.10676375801927,17.836177311654865,8.439391244776958,5.272548116466378,0.10374331805382475,1727.1400407708263,1700.6466970369654,1659.116261383496
KPIL.NS,49.67443407673958,-0.9155221563046325,-1.114929490866416,-5.722396237647122,-6.924114757982745,-1.0023111857738396,1187.6320496113651,1201.4448027264818,1204.7121217929202
YESBANK.NS,66.75843763305775,0.10387824370119603,0.013149293544987728,-0.10026356447954818,-0.15129901652473424,0.03969349811102224,22.10665382488122,22.08079183545396,21.711953273404962
AUBANK.NS,69.34964072855085,18.66471601394028,18.649225167004943,19.079906764631485,19.183704452304283,0.11928853460813471,986.7283094437713,941.7088511638594,880.1943936628913
CAMPUS.NS,40.39641421886843,-2.5253874722794762,-2.429866262614496,-2.7124576280232704,-2.7592251669592187,-0.14228874860092855,262.6098298484397,266.9217532311488,269.5608496601785
LUPIN.NS,68.22008246147345,19.404210069036253,14.143703073717916,16.453216057413528,15.715467554507843,4.5227584924126525,2107.2350104428524,2069.4172692699913,2033.6834789227178
DELHIVERY.NS,53.81479471800295,-2.21540780171199,-3.1836274928373314,-4.623004979452779,-5.224904273887976,0.3663203966901447,409.3178236263487,419.486590388732,423.41280054810164
HINDCOPPER.NS,85.8223599632338,54.44459331877147,52.68261775588064,43.10216494294671,40.26655784899051,-1.0736315310653737,473.6757416722189,407.78038926077033,359.8146019973103
HINDZINC.NS,75.61732264658522,32.17987711432943,32.03601639541739,32.22467268578033,32.23587157864305,0.15505961177476024,601.1496006996924,552.2451974216212,515.4292627925873
KARURVYSYA.NS,67.65056396650634,7.260246934396719,6.993211125375922,5.023245864881775,4.463995597503039,-0.2922144583579396,260.734043434208,250.97346086406665,239.24007323552073
WELCORP.NS,42.54807245947118,-11.12781621879651,-11.023129047859356,-12.754168890082743,-13.160757057904299,-0.5112753387587095,807.2630975725071,830.3645034531088,845.8897717141434
VEDL.NS,79.5588452309717,23.670314486300526,23.20971921722321,22.134907368533558,21.751055589091813,0.07674348963557165,590.3641728144175,552.7457166555456,516.4775373582651
JMFINANCIL.NS,43.74656109551784,-0.4693216877759312,-0.23413947412655034,-0.765430496655972,-0.8394576988759821,-0.309209415869391,145.71247317153416,149.35862121533364,152.2506278964726
ABLBL.NS,38.05619754181325,-2.0798559476092464,-1.8992994844835778,-2.1075881474987512,-2.1145211974711278,-0.18748951309804518,124.48757001435914,128.5402264575453,132.441103666638
SOBHA.NS,56.75744444703404,4.371468751458906,0.7642166433199691,-9.394247370269168,-12.835676400701185,0.16582307770691962,1498.4853329149987,1510.206978143016,1512.8295367352418
THELEELA.NS,49.597323987264446,4.292655976475487,5.175249292089347,3.4484323024030177,3.2373763838849,-1.093649234131978,422.27725382178096,420.64273678625364,421.8653361665003
BANKBARODA.NS,67.341881188955,4.924459019848484,4.595535139274261,3.3974080728413028,3.015645336089507,-0.05283885617757278,295.6399512688981,287.3545830366214,275.2344754500607
SBFC.NS,40.352570129301036,-1.1945550482570582,-1.2183031542564322,-1.1587005197368787,-1.149736887606834,0.032711738129418855,104.1985467721307,106.15966847661484,106.83740962223487
NAVA.NS,67.57081143240025,9.923814241139894,7.727676037716492,4.789346565812561,3.5057296469807273,0.912521284591568,571.5579537796502,571.899001199726,578.1442477112779
CEATLTD.NS,44.21129267072574,-22.0497975248486,-17.27146717651931,-15.998552698865717,-14.485741492369993,-3.2655191418335665,3819.323056278906,3818.716256257975,3730.1383064798106
BHEL.NS,65.55938315222325,5.49042391998222,5.141270671495079,3.7723958247984357,3.342888801002489,-0.08035377530880528,286.94885553129393,277.02271598327343,264.7360060036645
HEROMOTOCO.NS,57.491620949000946,11.161621344166633,1.0141075968986115,-16.61157313061064,-23.554871749304958,3.204215128573704,5862.903739763697,5788.967259382031,5533.00077861086
IDFCFIRSTB.NS,61.942950398815505,1.1901456598548634,1.2083077834261218,1.2913518388843488,1.31665338364172,0.007139421186112882,84.21401542763304,81.69056363592554,78.39544128508057
BALKRISIND.NS,57.45861891795124,7.959779357528987,5.509276708626203,0.6608271291513813,-1.1639109279430209,0.6257645918083821,2346.8579250568096,2344.294014464777,2371.0170341274256
FINPIPE.NS,59.02151900621136,1.186675660581301,0.9037605606133639,-0.8692255305930583,-1.3832008283866482,-0.23106019782565257,174.1682530655445,177.8539280964865,185.11712241280833
DBREALTY.NS,42.87815377862645,-2.622482145601964,-2.759214607184134,-3.660181742326466,-3.919606641507592,-0.12269243759895554,120.93845138641886,130.15649150616667,144.48450566313784
PIIND.NS,43.95682019350841,-38.836792257512116,-42.569960779469056,-53.545716995553924,-57.22294818006438,0.05593733744648688,3270.7830206501208,3374.413008784487,3501.033059236525
BEL.NS,60.03329675453964,1.6368926621534001,0.8649686917788699,-1.219769765097416,-1.93393537191012,0.057758363561826176,401.9317452877041,402.9167797358992,398.6544553401597
HONASA.NS,65.48886302203991,5.867989864052845,4.704068448607416,1.7500982800392009,0.7206253840357891,0.1344485194420173,282.3001622292244,280.42234432729344,281.70388077170145
CENTRALBK.NS,61.00530484068577,0.25138097802589243,0.19570737226437274,-0.008796794670229527,-0.07384123784426004,-0.009370837412510824,37.55208534268002,37.53550900184933,37.72278652060514
CHOLAHLDNG.NS,52.0363882749245,1.6556285985063823,0.2432320646964854,-6.458419260971288,-8.486931225840706,-0.6161154310595212,1875.4465297045642,1881.9525728744804,1883.3468083775401
ATHERENERG.NS,49.980232877493656,9.59703921127516,11.57402891419872,12.206856373555663,12.859310664125788,-1.3245354123534359,703.7940444427754,678.7115313254315,629.2507519219689
ACMESOLAR.NS,40.78258379705484,-1.0369100931300181,-0.45690309943745433,-1.6522758427883277,-1.806117280202905,-0.7338484311071412,233.72122816702748,242.00858324836932,251.3944864668523
GLENMARK.NS,66.66810492979363,34.5281056671995,32.519759471844054,30.908312393235303,30.00336407474425,1.103397876864392,2017.4946760732967,1972.5530199982081,1932.110332573164
PNBHOUSING.NS,66.20233386206945,25.24019188848672,24.331953603548982,18.549699476494315,16.877076373496212,-0.7643848180603641,956.1950866034676,927.3933084177213,916.7038230943416
AKZOINDIA.NS,41.564102401169585,-55.42560774702815,-57.88240056759241,-56.90143926773098,-57.27039714790669,2.0878349403885466,3234.207176071175,3299.0568444114338,3326.5256400137646
SYRMA.NS,48.967493544041275,-9.838706135528923,-11.586096267954304,-16.110135262231687,-17.677992543907376,0.17953285074969116,743.2973115185341,764.2833930005955,755.4075635800468
MANAPPURAM.NS,59.78181552213225,7.212954004358892,7.751837291404684,7.3992726520800725,7.445852314010367,-0.49230362511549686,301.61717565724075,291.7247000242984,282.43196377317304
LTF.NS,60.97408788335897,5.393547266752989,5.516856565464366,4.425289007329751,4.183224442473941,-0.3653738635671866,309.1618046915827,296.95110627994404,274.4277932799575
OBEROIRLTY.NS,56.712491134314945,14.389149002436625,13.677278694137385,5.430707827877736,3.1910975342380126,-1.5277399853404834,1684.1843204426305,1677.2526752294002,1682.2102903912391
HINDALCO.NS,81.98970331148335,30.299212646401543,27.850460451012623,22.806120967757632,20.932848048096652,0.5754792757279397,883.628167653817,843.318362004132,801.647900812358
LEMONTREE.NS,30.226058332316796,-2.5975453341397667,-1.9878624345541596,-0.9773627005291228,-0.5723170421264617,-0.20463724118294624,157.02719535527558,159.3193015417566,158.80444526033585
CHAMBLFERT.NS,53.90573097940866,7.296506939954611,8.1610790716216,5.910966975740556,5.564581984687042,-1.2109571227205036,466.1633759897366,466.4606904671597,483.650570696427
CANBK.NS,63.461316529772155,2.355037085861568,2.401808872877922,2.275189589163163,2.2552277149885613,-0.06673366119095547,151.43899945661232,145.61636421996863,136.0984896438549
AMBER.NS,47.069442415402236,-110.2103974951633,-125.74890830342702,-156.916518704643,-168.59304900701292,3.861980505893797,6647.721871359557,6953.802828502049,7165.937654525243
MINDACORP.NS,55.69589830740254,1.9660863725823674,1.2540989142762555,0.2024410206857364,-0.23847031728842152,0.27107612033195405,589.9303055467774,584.4109621686202,570.0722308372948
SBIN.NS,71.61696387759734,12.340590105973547,10.952779381047094,8.065212165543494,6.996367680435981,0.31896623981893946,983.8268939118818,960.7469972323344,923.2636020035935
NATIONALUM.NS,86.99397046987924,20.582747627147057,18.65550171655582,15.809685192644432,14.616419584018773,0.7339803019655804,307.2783664271813,278.3549391880418,251.3700956531104
HUDCO.NS,51.98314665387859,1.0072834215793876,1.0187730790347018,-0.37329610584189354,-0.7184409876972139,-0.3566345393106347,222.77781393828522,223.56453399124607,223.48183726053904
ALKEM.NS,57.26176038709174,-7.532264150453557,-18.520347741919068,-21.868931871686083,-25.453098801994212,7.403916661157382,5585.689598686869,5581.61436047741,5497.8438194453665
RKFORGE.NS,49.43566714100806,-0.9538819308859274,-1.0824559096624853,-3.5846948391980558,-4.242398066276088,-0.5291292483014747,519.1097512816502,527.7922362743442,549.7552514377278
IDEA.NS,54.30759513546745,0.2621957927789609,0.2843521516973464,0.35229777306297,0.3748232681339722,0.0003691361526166892,11.452747287131272,10.74102906219544,9.820200058292903
INDIACEM.NS,62.99694726001857,11.880480460594015,11.878694334489012,10.984881785946131,10.76098211728416,-0.22211354255696847,436.3701849778419,418.6950625222867,400.4931046500072
ABBOTINDIA.NS,47.77762034526097,-136.00916662023883,-150.74037929547558,-188.72212710733146,-201.9003672291046,1.5529725534636043,28502.108020420786,28963.90691925035,29622.604771890656
ICICIPRULI.NS,76.43213028484863,15.473405059031961,14.61971879590567,12.2557129938361,11.451289977537133,0.049263246827324636,659.813855338995,639.8717486757033,628.7406218859478
SHRIRAMFIN.NS,70.50204122158699,45.00086753416372,46.97511926007337,43.44084198131677,43.05083559310503,-2.364258114121398,949.8132732215455,873.0608004594521,797.7277015168132
MANKIND.NS,54.455927025157116,-3.81689651500983,-7.828340779321934,-16.145394924438584,-19.227519526795774,0.9293196619549136,2197.244625106687,2245.0966132746476,2318.843769316298
ADANIPOWER.NS,52.754595855880034,0.12274561747022972,-0.005332451843486297,-0.6821555086935248,-0.8833807902344635,-0.07314721222722265,145.19899125827826,145.6987773871611,141.77662842363966
COFORGE.NS,37.626055404189614,-51.69032620151938,-53.96345292536762,-41.749166971900145,-39.263877164495334,4.758416531253047,1731.1397651871791,1770.6880691798563,1762.7502643321552
BAYERCROP.NS,50.91939356062524,3.9668644564808346,3.260137817163013,-13.454146131896017,-17.809398778990232,-3.6485260077763932,4499.638065617186,4580.6018625581455,4770.290867302382
KSB.NS,46.712672925340755,-1.2006362391217635,-0.6282782986938855,-0.5651152225453416,-0.406234968401236,-0.4134776862837724,753.1000587022727,761.0614931184732,774.9949154316452
J&KBANK.NS,59.83340388739479,-0.031165477994846924,-0.3254493789154509,-0.8561123386005551,-1.0623490537519822,0.08804718576917692,101.7807155159186,102.77597003143946,103.20468920142969
GODREJAGRO.NS,40.902114162735714,-6.980178486768068,-7.125990685498664,-8.29135435599969,-8.619148323307597,-0.18198176857731063,572.5709083115446,595.5823539554561,635.1007321281885
BSE.NS,55.76342056862005,-5.56780688076833,-13.039973249557988,-12.322053134578086,-14.010614698030524,5.7836048053372195,2684.950014492083,2656.08697544403,2566.709232161038
SAGILITY.NS,53.63668132240061,0.5439922257806487,0.5999618523088373,0.6316722452414907,0.6535922501067011,-0.0340496216629782,51.638168534517284,50.4137424442616,48.67117427958562
IOB.NS,52.11853295218752,-0.24611026206022046,-0.3258010810486809,-0.6504543926739614,-0.7515404253273966,-0.021395213664974766,36.05211722101062,37.032272538057846,37.983086429901526
ABSLAMC.NS,67.39339549361449,25.15424400255631,24.105583140984095,17.22593054012784,15.24385217452072,-0.9334175040349049,801.2697839134859,784.318990475495,783.655466863079
EMAMILTD.NS,45.74020239248923,-1.0533199233366304,-0.7041094136000083,-0.6890990001092897,-0.5980437693024544,-0.25815527892978674,524.5629066784392,529.0771886868167,540.8264478755949
SUMICHEM.NS,51.86718361924612,1.5798624650771558,1.5612395106130634,-1.0784559948756423,-1.743035609863842,-0.6459566605241074,464.90438507807625,474.8158442844771,495.40090277662773
GICRE.NS,44.35273487567677,-1.3095614516552132,-0.9632123202806042,-1.5576335154194774,-1.619651531360543,-0.4083671473156747,375.689931788207,377.5102338856362,378.25596620064584
CUB.NS,58.952858429475114,6.727355349096229,7.128253625629156,7.386642603258386,7.551464416798924,-0.23607646299238905,286.13063399482746,270.94617126855167,250.9541198504052
UNIONBANK.NS,71.82794755443405,2.7435391005911356,2.1725720222391374,1.2751005189126712,0.9079908734930547,0.20385743293238168,155.58500372646418,151.81203315695657,146.84452743153471
ELECON.NS,49.05039592048007,-3.92059554463998,-4.600703134719993,-6.968061289361601,-7.729927725542006,-0.08175884610039219,486.60284945368045,504.3845232897026,528.5034272586712
WHIRLPOOL.NS,30.54090479339763,-45.17298645886228,-45.98476885507671,-52.27736185710596,-54.05345570666688,-0.9643114533464967,928.6861084842268,1030.6366350971373,1128.1504086402117
ABREL.NS,45.64334696169777,-15.352805189390438,-15.539786513059425,-15.309236058112413,-15.298343775292906,0.1978736064884945,1690.6998604975033,1719.0010483312144,1778.0153747439385
POWERINDIA.NS,48.456166219931845,-320.397208428014,-372.2566913955525,-435.4565666928458,-464.22140625905377,23.09464340133053,18943.616789890286,19335.26550527602,19159.422461285107
PNB.NS,65.10780671590597,1.328245716783016,1.1838981051078719,0.7004053471432122,0.5434452547332612,-0.012612480734806919,122.50070818730923,120.61300590593339,117.11033420421458
TRIVENI.NS,50.22635699318542,4.8918647679612945,5.848177618363195,6.712349596360857,7.1674708034607475,-0.5011916433020103,377.15733226614634,368.81994887702103,365.95727260922126
BHARTIHEXA.NS,46.41724874224011,8.616372080965448,12.430181313218782,9.722233097192529,9.998698351249299,-3.5373439781965637,1784.9538746717208,1776.839111132701,1763.4751505534036
MFSL.NS,63.82673621086143,9.550253675613703,5.258541024653823,4.1218233160136695,2.76471572611366,2.934605061059871,1688.7373341003324,1666.7732138876581,1622.6654241106635
MPHASIS.NS,49.0325843887026,-6.849650153319089,-7.369673623157723,1.5337438971852846,3.6295924098113788,2.6158719824647267,2837.967094896395,2829.0313545560293,2800.5262904261303
COCHINSHIP.NS,42.56693598775977,-10.416322680181338,-9.161225244555226,-13.504555840183947,-14.2766141301846,-2.0271557256267645,1621.473726771525,1658.0284763694156,1697.8247285309042
UPL.NS,68.23823800955347,15.367911345492985,14.99790811586547,12.660621581250535,11.98379914018992,-0.3068192114331012,780.6576822970194,757.098618746014,731.5442424471782
AUROPHARMA.NS,63.04541191317311,8.448989980415718,5.747429303634135,5.628673982456749,4.923594982967006,1.9964816772918397,1207.43267043759,1187.7060497752077,1165.1677856525005
BEML.NS,51.79294380929279,7.418165624552785,7.076730219068622,-6.298897035697322,-9.72816270075985,-3.0878302595783644,1830.3083655430887,1876.3258812700712,1933.7389661441857
ATUL.NS,57.41260462535862,71.59871359322733,72.38348712313291,56.58071005984204,52.8262091764957,-4.539274413251917,6052.8155972517725,6012.171083598552,6113.947601747051
SHYAMMETL.NS,52.17393136794341,3.549288628113004,3.6555478447797896,-0.007858982369822345,-0.8971458849905293,-0.9955461192874919,829.0981336797292,839.8941956949327,858.3088733266991
LTFOODS.NS,37.24053390607841,-5.8377595749281,-5.24648454864024,-4.370236657697408,-4.003355928389735,-0.2243942969801873,391.04556424046893,400.8438489345015,410.7588765469492
INDUSTOWER.NS,60.00049912060244,8.25757339538643,8.619794714814873,7.591988942535949,7.425592829323326,-0.5286174326410649,421.73988350932757,406.89124125662664,393.1530691482685
ZENTEC.NS,41.20339992245777,-8.8229541510741,-6.959956042506747,-6.262095601113999,-5.621880963623973,-1.222783471077327,1368.6139831999005,1388.7727241537889,1439.965848593747
PRESTIGE.NS,51.5660574497936,-6.147721012948523,-8.295227697271457,-14.173253543426243,-16.179636676045675,0.14112355170350277,1628.201148695455,1642.7563088118445,1634.354416724669
NSLNISP.NS,69.44669755761969,1.0045145310165537,0.8750595164531347,0.43251409790838724,0.2895139896313456,-0.013545093713622558,43.12923929773711,42.633891079508125,42.28719960152809
NCC.NS,38.934354305466435,-3.6334298617138643,-3.778006853235553,-4.74578840322319,-5.023878038600522,-0.1335126438556431,161.0724332777223,172.0179053069509,186.04262921652304
NBCC.NS,53.47815191405657,1.9547239016716276,2.1843467432637453,1.835029229110038,1.8051055609696405,-0.25954650973251536,117.66732634777044,115.1778909006655,112.86756842730685
EIDPARRY.NS,40.127034012596184,-7.015598762560558,-5.296740806864136,-1.7433708548120865,-0.42531387787496794,-0.4008009787593032,1026.5050086248,1035.36141909659,1039.1022840349895
BANKINDIA.NS,66.03501098640271,1.9745227511945131,1.7147076202367657,0.8974741899241945,0.6282120496066145,-0.00944700935983267,144.76983559410363,141.2859383708754,134.79077148027827
ANGELONE.NS,43.32029372246782,-55.66741379104042,-60.01091848534634,-52.409522652998724,-51.595049868488296,5.157977478816349,2470.0147362450443,2518.838382271187,2527.797570691681
DRREDDY.NS,46.072744607626724,-1.1414734620343552,-0.6127200826999797,2.00917533154382,2.796837529938364,0.2589088190601685,1262.8885628847615,1260.0204830991954,1257.0392468416787
SIEMENS.NS,49.195371040358275,-22.69247161762314,-26.553903018609617,-27.209702212373042,-28.339009861060514,2.732123752299003,3119.530518598861,3145.6534051765375,3157.7721525424586
RADICO.NS,45.56101985277707,-13.753279300705799,-9.89630649067658,2.4245119981770133,6.468959822897717,0.18747501469148276,3206.620774050982,3185.4095711682858,3081.4749222559717
SBILIFE.NS,69.24132560153303,21.62467608434963,19.270926705571583,15.468074059650235,13.928923553475386,0.8145988726031987,2039.0478349290227,1998.1014213958294,1937.9764848347627
DIVISLAB.NS,64.68488787217333,24.378843276645057,4.109662499434307,-2.3619869888464913,-9.04719455521938,13.583973210837861,6455.391887887579,6434.925914201515,6391.061796555158
MOTHERSON.NS,56.51382729534724,1.692094494105234,1.8578256216936495,1.9943979909019351,2.0699738651011104,-0.09015525338924024,119.5865533794813,115.5456206998971,110.72858306878955
VOLTAS.NS,69.97679653321468,24.11863280850457,19.387855516819855,11.603014413520018,8.474109814773877,1.601872692938576,1406.7714718368852,1387.3683413863218,1378.2715453020187
JUBLPHARMA.NS,51.97836196726546,-4.709293520864094,-6.499603966451332,-7.903831337009744,-8.702465791046157,0.9916759915508253,1071.9579774155723,1083.9240279140422,1088.8550853864176
GMRAIRPORT.NS,53.11164472731636,0.9613796863751816,1.0614104110050988,0.9408753628055201,0.9357492819131046,-0.10515680552233275,103.48552592422838,100.93225986000712,97.12584064732539
JBMA.NS,62.670717009832984,14.221368317712631,11.65835570250465,5.931611651177828,3.859172484544126,0.4905734485742794,622.1634948894192,620.2113838459168,631.557931498221
INDUSINDBK.NS,72.88027045913748,18.295171866144187,16.030250618801006,11.49680865772928,9.797217855625552,0.5653304452394536,869.6804642767388,843.7746911646836,826.7789845659391
JWL.NS,58.67701269583336,12.340259708647977,12.97311399507197,10.744421205014747,10.34546157910644,-1.0318139123323,316.5822838144096,309.32447266813705,318.42657991166476
ANANDRATHI.NS,68.61641156116231,46.44368443368057,43.43442016193876,33.90301115010574,30.767842829212032,-0.12590404915189524,3057.5086202745306,3006.8875999942015,2895.387873350522
ADANIENSOL.NS,58.8856540389824,16.5445773141023,16.89719710602276,13.122345296913345,12.266787292616103,-1.2081777962177025,1017.0438420296289,988.3580575018575,950.263064777065
ATGL.NS,41.26426119684474,-6.23728777754809,-6.099299070933512,-7.768446971104058,-8.15123676949305,-0.5207785050035705,577.9785891662364,591.8749256153311,605.9312468483575
JBCHEPHARM.NS,71.44299944155713,21.978758448467033,18.27227103202381,15.40083957729882,13.756359859506766,2.06200769865117,1823.7248167239718,1790.1907675954637,1757.6724972497184
PTCIL.NS,46.5867567723708,61.56856253158185,101.59847232524407,137.95577177024234,157.05257407990746,-20.933107483997105,18104.811430949285,17708.033324569868,16905.585172591997
POONAWALLA.NS,54.65680861143994,4.665496978687088,4.909047015972817,2.6786568351248663,2.1819467992343107,-0.7402600731762847,472.277948759529,470.7663383334476,464.8890976155307
M&MFIN.NS,48.20320758408978,10.051987926820345,12.52363950858313,13.424318113968503,14.267400660755543,-1.6285690349757456,378.6517690962571,355.1734746686967,328.43356490870275
SAPPHIRE.NS,38.60523398062727,-3.255246938782534,-2.195296917236277,-2.3371584838959505,-2.1076363701743044,-0.8304279078246108,243.8541216495978,254.456207403006,271.729113446785
EIHOTEL.NS,33.45067359220927,-4.490636642935385,-3.909153435608573,-3.8107812977070323,-3.6408174613999433,-0.41151937101972313,366.23665415350325,373.0294670757058,376.8655278439985
JUBLFOOD.NS,32.653895446104116,-11.235293620045468,-10.529107096833968,-9.682459141015602,-9.294250521258135,-0.31797790345403243,560.4881604176253,577.8398357444856,598.1534923436709
INDHOTEL.NS,39.15406776481125,-0.07710231385919997,2.4042429690407516,1.781948882365582,2.2467116814217776,-2.016582483843756,732.2240799030097,733.0157686558097,738.7223207694515
BRITANNIA.NS,66.33824422573865,47.64416048239491,36.24435643864308,37.871858379359416,35.428782853600545,8.956728517992957,6029.534077139423,5969.789378983065,5887.004540684605
ASHOKLEY.NS,73.65709860229553,7.763642547379646,7.9405096316041295,7.405145350000875,7.315521050656181,-0.2664913835691767,176.3203681647641,163.51416607908138,151.11612755991374
UNOMINDA.NS,57.689955366491844,12.598897423520611,12.099386396139153,6.849720570637596,5.412426357416841,-0.9377831858392964,1289.8876991768502,1275.7536384194555,1243.9379519871939
DEVYANI.NS,45.90773872608809,0.48748134506882934,0.8224609972013184,0.18572753489123642,0.11028908234683814,-0.41041810467688733,140.79914946456228,144.28756526844066,151.59056812725402
ONESOURCE.NS,58.90497599763636,30.765810349597587,31.207286567761685,19.943143925342866,17.237477319279186,-3.147142824227778,1741.4142205538344,1735.6008818216087,1763.0953227520033
APARINDS.NS,36.25315828577682,-173.6241970411793,-170.66114998958255,-122.63819276751623,-109.89169169910046,9.783454016819036,8527.67437909516,8661.17966845622,8584.327810366856
SBICARD.NS,58.94239162573855,3.08431120862474,1.1778059758842119,-1.7080234084179877,-2.90610706267867,0.7084215784798467,870.8874889758944,872.3693185897507,873.2165941236977
NETWEB.NS,55.09297764990566,-16.503482439736217,-30.071263545894,-45.471817080445405,-52.7139007406227,6.325697445980488,3205.7114129000506,3257.6042514881,3126.9622437997855
JKCEMENT.NS,55.66338254937969,-2.204109236417935,-15.742380211419913,-34.81812305490683,-42.97162650952905,5.384767520379754,5643.096079227862,5764.535909152116,5909.79466878085
THERMAX.NS,56.048128588041685,30.725348983555705,31.071364544467542,11.362341123243741,6.521589158165747,-5.186767525989833,2986.696410945396,3011.455490525341,3116.8415759374584
PFIZER.NS,45.47350846913293,-34.88425533465579,-37.503253628106904,-25.591703716667848,-23.26856581217086,4.942136197948102,4976.988270741483,5034.796445088702,5072.240202385294
TORNTPHARM.NS,74.45614120824081,45.819886298552774,38.107479032245465,33.528638221271535,30.45582620195122,4.6395952469869925,3841.245974402206,3769.9747368792805,3680.5863849144007
HDFCLIFE.NS,57.97080148670948,0.3741650518138613,-0.9240013721238256,-1.7257579267730072,-2.2507386714197244,0.7731856792909699,760.3105937423792,760.5412883887285,758.3722969081512
FINCABLES.NS,55.82195207000056,4.328179524946904,3.6457173251320683,1.4914031373253063,0.7822090404199064,-0.026731897090563894,768.3848742374846,773.043541435035,798.739529663923
RAILTEL.NS,59.74878281062049,8.368181977282745,8.502268462385075,6.203221646886586,5.6619815642875455,-0.6753265677013705,359.1985295206089,354.9959375737106,358.9086869019726
TATASTEEL.NS,71.56046026110634,3.9781950202926453,3.658744310669306,2.1528189086209726,1.696474880703054,-0.13689331829457907,176.45048952519954,173.2843935926394,170.016648973179
SAMMAANCAP.NS,49.83794088324912,-1.6248436610822523,-1.969653830659496,-3.306965352024459,-3.7274957747600106,-0.0757202531583081,146.8955230594722,151.29025024162053,150.0503925670269
ETERNAL.NS,41.29480244606811,-5.1007906588231435,-5.367886821651041,-5.7518246661499655,-5.91458316798167,0.10433766099619302,285.48715171846544,295.74906441222487,298.57372772979494
DLF.NS,47.806229001793135,-4.223560525346784,-4.773141163182004,-7.889082160691087,-8.805462569527164,-0.36679977100085637,698.7460204579751,714.4092242936888,731.9082559725496
FORCEMOT.NS,72.23208407007101,939.7861985881354,936.0737062341068,691.6306940637043,629.5918179325963,-58.326383777079286,19338.567538873638,18369.59118186728,17516.230422679044
DEEPAKFERT.NS,43.860562088411264,-19.72887803630988,-20.494465424974578,-27.24840446157318,-29.128286067889007,-1.1142942176511283,1256.438020704031,1312.1541256736048,1361.946923478166
BAJAJ-AUTO.NS,69.67453051416614,157.23686223505865,143.20565314053965,101.09580486880667,87.06054052724366,-0.004055247044007615,9285.195318042117,9112.667059223713,8951.476101820055
JIOFIN.NS,48.41994033195127,-0.8901549057033549,-0.9770523190507561,-1.5574797682267891,-1.7243109838576476,-0.07993380228345726,298.04618837913387,300.9084571303186,302.2632634576843
SAIL.NS,66.65552841715183,4.120075391637755,3.8313466654045953,2.208110150631157,1.7301188403795074,-0.18926258401848983,139.69322412941236,136.28388997888493,133.4950584681241
VBL.NS,65.65224652285082,6.653076140328039,6.069644190368365,5.1353927765796135,4.755971935642506,0.20401110902256736,484.89311363263477,477.00694487373045,476.66607611557254
COLPAL.NS,41.565191984604,-19.037088769733145,-20.066039693091625,-21.35994969389348,-21.94066492493356,0.44823569231839855,2102.448032203566,2141.407751442614,2198.362524229354
LICHSGFIN.NS,52.035236944224806,-1.5389447098599476,-2.10328303821575,-3.58045315829454,-4.090830270403188,0.05396121624715411,539.5286861116684,547.3972444735317,557.1635968381264
AEGISLOG.NS,51.821002509204256,-6.778914396955315,-8.605101510147847,-10.479465711550915,-11.404603540199814,0.9010492845436335,734.495222815688,748.2751652383763,755.6412968577329
AADHARHFC.NS,52.9232847546195,1.436310207658039,1.2493702677953138,-0.7098668642850426,-1.2464111322708131,-0.3496043281230454,489.4890596464491,492.03495879160556,492.2573152001654
GODREJIND.NS,49.25776870088136,-6.309453657241761,-7.450667048329251,-10.735142310365152,-11.841564473645999,0.03479122780664312,1013.0919397942439,1038.8451335529148,1074.8617016640978
ENDURANCE.NS,42.09976103110688,-34.60680828447994,-35.6259935925068,-36.42598048209981,-36.88077353150478,0.5643922586218935,2591.4576883254713,2657.3231560340328,2672.268167906975
GODIGIT.NS,42.123527394183924,-1.390096844765253,-1.0597874570835302,-1.512744391615714,-1.5434062783283289,-0.36097127439433785,345.56968933731247,348.41692799625315,348.6187120313503
PCBL.NS,35.25129231925979,-8.289903420700512,-8.298845903236781,-8.575811101540351,-8.647288021750311,-0.06253443767369049,303.4111903294811,320.9125945764671,340.9162904171866
DOMS.NS,54.06415210044053,22.0365050222058,23.227791780605912,15.1924790767283,13.481472590358925,-2.9022932447694867,2591.853759442842,2566.153942663491,2549.3589425862883
LALPATHLAB.NS,52.96517307533177,-2.157326407481605,-4.29438983341106,-14.654671623351698,-17.77900792731922,-0.987272878038068,1464.250453497584,1491.7187786260909,1510.8138963348515
DABUR.NS,64.2306266695301,3.026873368613508,2.0742907710828717,-0.8869403140477821,-1.8653937347131049,-0.02587082313468647,505.6003737614691,505.7905560505432,506.1014189471827
CARBORUNIV.NS,40.75761581688198,-7.172523068398505,-6.166739352834384,-7.009727844291884,-6.96902903826523,-0.9650849095374667,852.5744035739801,869.2084871772796,895.9308723172173
RBLBANK.NS,55.49258814499868,2.794769585126062,2.769214511530606,1.112318148157829,0.6917052889157703,-0.3950577856466031,310.6059817145586,306.546740865745,293.3903985152511
PIDILITIND.NS,61.26576691768485,6.543960899146896,4.7044574705021205,0.2837057621269941,-1.2813580221279819,0.2744396443897994,1474.880017538721,1475.9504505021544,1482.8896976317308
NHPC.NS,67.40088850459765,1.1607448945368475,0.9953303634281525,0.29570369501208127,0.07944339513088966,-0.05084576877249658,79.75259287675942,79.89836539324187,81.08792086748726
ZENSARTECH.NS,41.22175369456304,-9.470848309669464,-9.463361808214586,-7.484852165940493,-6.98835313000825,0.48901253447736526,717.6267306133432,733.4719985627185,750.8164366658109
SUNTV.NS,52.77376057794432,6.731948241965597,7.542752348942827,5.8762550924731745,5.662331805100068,-1.0247273943503359,570.8905394064731,564.0703156627294,565.7483955764587
RPOWER.NS,43.899173531975904,-0.8158761658150979,-0.8283200959793504,-0.9176300059579873,-0.9430684659937096,-0.012994529871469873,36.00785994394435,38.26412049359814,41.47623829121448
RELIANCE.NS,41.36387117919799,2.8098338196514305,6.835607452138447,9.10285114919923,10.676105481586179,-2.452519300100068,1550.107423604897,1527.1906315116703,1489.123147506559
ADANIGREEN.NS,46.74080498546215,-2.555064607774625,-2.1935793666860945,-4.241448270537591,-4.6630441862283325,-0.7830811567792724,1021.3314620998807,1027.0887671262005,1025.0540935760907
BANDHANBNK.NS,48.624042584566006,-0.9028366227146023,-1.036543004560457,-1.2899511496959066,-1.3867297814412327,0.03692775010052851,146.853531367564,150.33424191563276,155.21742321993065
LICI.NS,41.63095220783804,-7.266985629998089,-7.38527202341686,-8.571148517218914,-8.89718923902412,-0.20775432838643582,855.902781136807,869.8161405676458,878.0174826765423
SIGNATURE.NS,48.09905224835561,2.943784822767384,3.9691725789398333,5.755697282380127,6.4586753972833115,-0.32240964126926475,1125.6089067618273,1116.4540525457262,1119.627827508982
TTML.NS,40.264456334637366,-0.7046865086094627,-0.637775134470516,-0.6545876710987938,-0.6420629617211265,-0.0543866647612794,49.82759974587692,51.45541947402907,54.0804312090345
AMBUJACEM.NS,59.46120356310508,4.725351187300134,4.452518552533775,2.184638099990891,1.5494598281635794,-0.36234563706095235,554.2124450125937,553.895315772989,558.048388191294
RRKABEL.NS,64.98780830959743,33.99615936463124,32.543591990818186,29.476157741014514,28.34615733511033,0.32256696790886963,1473.3125676230136,1418.2619897653208,1367.5715554481026
KFINTECH.NS,46.48626988511811,2.009052475215867,3.4816274135428102,2.757943063738002,2.9451657108685354,-1.2853522911964097,1077.8629361193407,1080.3838596083567,1091.7810628752463
APLLTD.NS,30.767422908907776,-17.067632791092024,-16.769793347440554,-16.26468149884014,-16.06394367577717,-0.09710162058850003,851.3752680002505,878.7707937186888,902.2464377721896
IRB.NS,49.954218437098824,-0.09441411964731827,-0.11490099500318252,-0.1807158554472385,-0.20229128939721852,-0.0010885585941157738,42.181461306479456,42.5691370757605,43.419667989098365
FACT.NS,48.54053903804089,6.699723873909193,8.434245985279404,6.1659836194487,6.032548555833576,-1.8679571749853352,881.8784104255576,883.2248248255768,894.0854240994626
GLAXO.NS,46.91675252821177,-23.42764229643626,-25.919710924099036,-24.130443811535436,-24.306144190310228,2.316368248887983,2495.539001512592,2548.9207422354953,2633.0217745959017
MCX.NS,71.49782760310865,67.61216836680705,62.791645045471796,60.861739244228694,59.1741319635841,3.1329160406906666,2158.7863923069403,2039.1393221791793,1891.6139402013287
TATACHEM.NS,45.568702339925686,-11.250106654976321,-12.646991116917093,-14.279874301280785,-15.037316212856899,0.6394425503646577,763.8217237474308,797.7235332677313,838.2970089007157
AGARWALEYE.NS,57.99127283620089,0.9455170292329171,-0.11017658196590219,-0.7734805577411226,-1.2032299544846325,0.6259442144553093,505.2646091533968,502.8982713608646,489.7865943785463
DATAPATTNS.NS,49.33388287300592,-22.174013288358765,-26.001684339997155,-38.86625895739045,-43.03932037464837,-0.3453903656195294,2662.823188433587,2708.7111832381597,2704.578043098755
BHARTIARTL.NS,44.81795884464806,1.344192171090981,3.821305522792045,4.334259161879557,5.0817759095767014,-1.7295966040039197,2101.450899044721,2082.2550823088377,2032.4215875335271
MMTC.NS,61.978522055614945,2.1591353026618876,2.1072183868269647,1.1761447061844628,0.9303970570651063,-0.19383073328443357,63.06363590500335,62.45906164286104,63.48398465216287
JSWSTEEL.NS,63.58040120998541,12.191693142267695,10.082336397657173,0.5761839295934097,-2.327693373575163,-0.7945205585580482,1138.9985932121272,1134.9942610953115,1120.4232015569382
BAJAJHLDNG.NS,44.16974084026621,-82.1338815379404,-77.56728115715669,-118.32448959350636,-127.37214160739784,-13.61425239467519,11219.877560591922,11547.216840261899,11985.241559523613
PERSISTENT.NS,54.47715063312482,14.945659897998667,9.389960590479859,29.837836438295003,33.56088057336909,9.278743442592894,6290.853357403538,6163.105665142527,5956.996172912325
ABB.NS,53.12619181965144,10.688343740915116,9.472469654328961,9.459896804263439,9.152785070100519,0.9087623524232349,5182.577478629047,5177.570215308249,5240.1472560066
INDGN.NS,46.493647536680946,-1.8917733796395169,-1.9654154845928815,-1.4384766039925185,-1.3251524100807688,0.1869662988651144,524.6131177300666,529.6850818226677,539.8896350351654
TECHM.NS,59.99809828191692,19.895650571508895,20.783816444237573,25.992946540511387,27.517270532762012,0.6361581195219479,1594.9990626669082,1551.6867227996775,1523.728464584425
ZYDUSLIFE.NS,55.08559881887722,-3.015470483437639,-4.481400448486397,-6.333628654149988,-7.163168196828075,0.6363904223706713,921.6243310429899,935.2623940410292,948.3840534335002
INOXINDIA.NS,48.302372432039576,-8.453754117935205,-9.586054082124747,-12.370627925180953,-13.34984637699239,0.15308151237810463,1130.0400132092302,1148.7300601527284,1157.7071536285314
AFCONS.NS,35.98883438940911,-6.183584784594245,-5.702204546894222,-6.277909497959536,-6.301490676300857,-0.5049614160413443,388.3645388372667,401.76431773889817,414.4755599035333
BATAINDIA.NS,36.37733824258552,-13.31733959695498,-13.466003944374506,-16.94400616669768,-17.850672809133354,-0.7580022950161478,953.911129570003,996.2040568517087,1056.1423051718125
SAREGAMA.NS,42.16003883951432,-7.611497769442224,-7.850507853561169,-10.100992765865545,-10.723366514971374,-0.38336366498688434,359.80753236741526,382.71369897420317,414.170235235979
MEDANTA.NS,55.93127209311243,2.300364667254371,-0.02091815050812329,-7.376902960779273,-9.796219867787684,-0.0980340892459175,1192.9890749594856,1215.823866996175,1243.0995155784346
METROPOLIS.NS,55.59014816289965,13.187964247764285,10.932565048527067,-2.3636994680628596,-6.251615397019647,-1.6325167297195708,1937.9043374357527,1943.736877847189,1947.0583793274934
CUMMINSIND.NS,34.486259394174084,-42.00499565784958,-24.617102798775704,-3.454235203545845,6.1834549100300915,-7.750202745497937,4376.930863419491,4342.700393457368,4164.561916350095
FLUOROCHEM.NS,43.93092788368106,15.202269415094634,24.443102640321285,26.172117472474586,28.914579486819576,-6.498371210881661,3572.4868920761783,3564.6086433209557,3582.145940825841
WAAREEENER.NS,24.486565891877675,-100.59300405982185,-86.83102094302512,-69.77395780819715,-62.06919624529097,-6.0572215538905425,2915.3366896298458,3058.5806467593034,3116.2726313570784
BAJAJFINSV.NS,43.9954736822818,-7.564699250017156,-6.919724038248887,-8.43023494290096,-8.64661886612191,-0.86135913498922,2040.490565042544,2049.360337035619,2039.7059802005745
PETRONET.NS,71.28159517859183,5.404763819728203,4.82461750900768,3.459776617534072,2.973529816985539,0.09389951017198905,282.5233104527957,277.5418205249857,277.30602270575724
DMART.NS,37.99307571786466,-69.94254485222882,-73.15689849939645,-68.50382890118738,-68.14414991342701,3.5740326349279883,3780.797403114364,3922.9047322517754,4054.122415359826
SHREECEM.NS,59.56864527082481,179.5863642278091,148.63364459791046,-35.38887924842193,-89.1326901174797,-22.79109123915913,26685.253849152778,27005.333801254565,27763.416741460805
CIPLA.NS,44.846049187493755,-1.38641053043375,-0.07782759041492682,-3.2916261035382326,-3.767929996814353,-1.7848868332949435,1507.7459588365507,1515.1650430007667,1519.4237102235056
NYKAA.NS,63.25132108682974,3.2532414389044675,3.061706306284293,1.6428570851785642,1.240260996747088,-0.2110609558113019,261.10252686491833,257.1098425738829,247.97727566468907
IRCON.NS,63.53349823292052,5.063804059514439,5.001977013434555,3.646350062539727,3.291986563296049,-0.2925364531637942,169.91395652609953,166.83114716149376,169.00766223122952
GRSE.NS,50.66636454660516,-14.365572424689617,-18.33535796587148,-35.57481964408242,-40.87713144893061,-1.332526263666331,2461.2711302638772,2515.7039039796364,2532.2992081778084
LODHA.NS,56.948614928858774,-6.0166607842541,-9.534771616514263,-15.17683450000404,-17.466877928941525,1.2280674033226777,1094.4905712975838,1121.9070121486054,1162.087014258943
IEX.NS,66.96325809267574,0.10858209882135839,-0.9929618085645302,-1.1138251337640803,-1.41942694191044,0.795942099239529,139.802838168199,140.8370614626977,145.41302545858113
JINDALSTEL.NS,65.680693075649,13.384590926541023,11.232648067535138,2.8530872896084585,0.22021138037531615,-0.4809330502272573,1039.622493371795,1033.2107380249067,1021.6761892631301
SUNDARMFIN.NS,66.89733847357866,155.5816276247897,156.9783343976078,132.97125212223563,127.3186582465971,-7.0493006484566365,5101.7994109178535,4909.8993899497,4818.647648943296
ALKYLAMINE.NS,35.25266062752486,-32.34820196321084,-31.80758626993088,-35.8892949808942,-36.77456823531504,-1.4258889477007983,1601.5108037426594,1685.0486599026942,1786.2760570505814
ASIANPAINT.NS,57.23117896181373,4.901091691770944,1.5283703037321175,1.315182938288132,0.4187057499174286,2.4762441996681233,2798.862247898606,2753.1287871140466,2659.9386775682474
ACE.NS,42.51571028340028,-9.827288013411248,-8.62369310365807,-11.01526482750467,-11.312259031028024,-1.5005891132765328,950.7629403512726,979.9474216350948,1024.948206169004
TVSMOTOR.NS,68.35033821281449,69.23545838127711,65.1877264183031,49.74111158342528,44.86752488396232,-0.8258547364889495,3718.117534177888,3620.3803225822044,3475.0364961428118
COROMANDEL.NS,50.78124072809415,0.914946476239038,0.6471966789522412,7.760581192605324,9.471989871696895,1.9791584763783678,2311.348031119869,2295.504807338594,2279.348904314782
NMDC.NS,69.67639279955948,2.2473502068969253,2.187455418389632,1.9200201559317236,1.8381876431904232,-0.021937724234007305,81.20926578670692,78.42019996707975,76.11881653928198
PATANJALI.NS,64.04937453098489,2.71759447871068,0.8790212014251892,-2.2144160811540607,-3.447418721120246,0.6055706373193059,556.8325623988399,562.4020728124607,571.8401305405214
NTPC.NS,74.19134130496823,6.015619127850982,5.361549053221211,2.579910558522058,1.7209834161898263,-0.20485706770246015,333.5493930465048,330.08790701552505,330.3848027719453
RAMCOCEM.NS,60.09188118673745,11.623539098474566,11.442777669401039,10.39825727776019,10.091936822581594,-0.12555902610506742,1054.485406835222,1041.9640804452044,1037.7821096929415
BIKAJI.NS,41.31172668288179,-0.3298578858091332,1.2729659774075799,4.250290420692516,5.395327497317928,-0.457786786591301,733.3071123953055,732.1212240641117,734.2154436743205
TRITURBINE.NS,47.20320083598531,0.6688247863334027,1.181437472917878,0.9483352157522607,1.0182128231069751,-0.44273507922976085,537.1558202871734,536.2772404750722,541.1840570716079
IRFC.NS,61.695484732825356,2.9136312238372284,2.8584322377657827,2.0676722494541098,1.8561825058583294,-0.15629075752433463,122.91009531254404,121.16330337513995,122.62552381870499
CGPOWER.NS,35.39390352315945,-12.437737684149056,-12.456464312628327,-12.418771345923217,-12.414029761366756,0.023468213035732433,655.4443456650739,678.4157599932987,691.2341759502864
NIACL.NS,36.62380700946511,-4.226208293304779,-4.3496156850576995,-4.829440731383304,-4.980248840902934,-0.02740071776671016,157.64930134429937,166.40609593069303,173.70361193520944
JINDALSAW.NS,56.27313934554814,1.1148393245239276,0.9692698010736365,-0.002677762939137108,-0.2820570348049034,-0.13380974841547522,167.29524158301655,170.9292404354267,182.89464220553162
HAL.NS,56.78869598553892,1.691362839714202,-5.944692734060482,-28.31333716284128,-35.81451216348015,0.1348805731358098,4425.3594525919425,4487.653036864622,4544.182956447553
RAINBOW.NS,35.5078224332909,-12.41598357789917,-10.483400487263907,-7.734101663477949,-6.563631184872643,-0.7621126120299566,1327.5901912105828,1346.5789234139181,1373.8480808897084
3MINDIA.NS,48.19046684130961,227.39226066235278,296.5812386018588,257.4907895299881,265.01542174689695,-61.66434572259715,35171.03633079024,34363.528966106496,33068.6714609063
CROMPTON.NS,56.667755480857615,-1.4817943366817303,-2.30015513460242,-3.125307513492264,-3.5361858076948973,0.4074825037180565,257.2324336528683,265.6384477544974,281.77379783841866
AXISBANK.NS,62.24007316786435,7.982684082882315,6.379126008471758,1.9543624389707897,0.44728202799290756,0.09647766343267516,1260.6850302569103,1244.9299236579197,1215.561940947075
MOTILALOFS.NS,43.81807097923988,-15.408792609143802,-16.182301438246782,-18.383038826795946,-19.12660038120898,0.029947274689945402,867.6275745637582,898.1460036107354,905.7111334414044
POLYCAB.NS,65.15801545277992,107.29602331224669,91.11731633823456,55.9308505944638,43.08955741501807,3.3374137945664017,7583.78814586047,7495.752529664984,7332.631692919165
UNITDSPR.NS,38.45107088159803,-11.39801635171034,-9.158704838882386,-3.9909577282678557,-2.139193072407234,-0.38754685696733215,1410.2503224428979,1409.4199040264689,1399.9746842988259
OLECTRA.NS,45.761547182392135,-16.63987574627049,-17.63987139474125,-24.949701580609183,-27.027158039193857,-1.0774608101139158,1220.6987922899546,1281.7471026227163,1334.8085231202663
BHARATFORG.NS,62.09724547234406,20.977854962369975,21.796306895865882,20.525219871255203,20.41206109847651,-0.9316107062746006,1448.7449586762102,1403.190607218857,1346.3392000012398
SYNGENE.NS,58.37555977280336,3.6060945728351044,3.004884502335358,2.9476203294912953,2.7830017686553425,0.4365915096637938,652.1320350663327,648.5237977007696,650.9637718798264
NTPCGREEN.NS,47.31649368090738,0.22186433594143296,0.3214736414938244,-0.19954854799087682,-0.30490176897395427,-0.20496252653546887,93.66063788203662,94.97096045304616,97.6101718870639
GVT&D.NS,53.932671350568945,39.63633648781115,42.18971687973453,38.37209795049779,38.05603831616945,-2.8694400262517235,3055.01416378723,3001.780327115711,2884.073182132965
GRASIM.NS,59.781879276284556,20.404715328113525,20.68787919305123,17.543582427079794,16.82829920182136,-0.9984470901961409,2826.4408269327337,2806.886001047614,2789.458680613128
BLUEDART.NS,45.7849445205404,-19.098692160850987,-15.984640921967184,-48.19195533425079,-55.465271127600744,-10.387367032233755,5538.555158126969,5633.583905571487,5779.865229196209
UCOBANK.NS,54.545489517341416,-0.026506765119979292,-0.07316042611272167,-0.2595368592074055,-0.317794382729262,-0.011603862529114162,29.487730186661985,29.904670443038455,30.42657990982765
CERA.NS,36.940118766129935,-93.13521013268291,-93.89787423763846,-104.49119256268362,-107.33018817018382,-2.0763315025446474,5269.338002729936,5494.349929026294,5762.899190555163
CESC.NS,52.60177565619128,0.10930300078788946,-0.021273572084538728,-0.5548148343951238,-0.7208442931908771,-0.03545288592332507,169.6579336068424,169.57744309654345,167.7126374365223
OLAELEC.NS,65.75065144577293,0.7758030723561831,0.4040011724182264,-0.6330539747613381,-0.9852682365407184,0.019587638158576448,38.63165174669692,40.60917797606294,44.06499099642687
MGL.NS,32.33090662872233,-21.450412680920408,-18.865549236347533,-19.70474555758533,-19.26832877675156,-2.1484466637391044,1127.377489388315,1171.249220730698,1221.9049462606101
IFCI.NS,50.872461553867126,0.43566436328784874,0.491433521499701,0.16435406692638416,0.09652649283601797,-0.1235967323022184,51.583027553356445,52.07164998812107,53.22340596024435
ULTRACEMCO.NS,66.00107590564906,107.19154176100164,91.09123178845584,42.68598775779861,26.55959925699784,-0.02607852825497048,11828.070284565116,11817.917934201405,11887.616374901801
CCL.NS,42.72498828691339,-13.97622918006698,-13.55391072773125,-8.896158353106628,-7.626140646366539,0.8476992544043584,950.5399866861244,951.44461663693,922.6664253219301
SUPREMEIND.NS,66.17065209061346,25.724491630488046,10.74408665935789,-28.047570230569363,-41.490585695833715,1.5373895058658036,3442.676616741419,3551.012164421966,3744.403993692052
TIMKEN.NS,52.17941782912096,-3.8811731834043712,-6.389059077752336,-10.095063997188046,-11.648536700633963,0.9544131909020468,3049.777621960963,3053.392319869624,3049.652241571636
MARUTI.NS,67.40797984677371,256.5349212104993,248.11557958477715,205.40939956784413,192.62801915718026,-4.362038784941717,16690.14853061182,16294.636730905982,15638.684491137832
LINDEINDIA.NS,51.68225271580464,1.2843016999077008,-1.1159414465701047,-2.7960907121644825,-3.8161888151825285,1.3801450434597595,5935.6454636356975,5975.4518396708245,6101.581651564734
SRF.NS,56.28273393225423,33.94212910966371,36.25270423040365,39.98571078167235,41.49660619967451,-0.7996797027377838,3040.722705647781,2994.8519879812543,2975.2606346786893
MAXHEALTH.NS,39.165399245811614,-15.606109340254989,-15.588958020476184,-16.229589677641968,-16.385459761988713,-0.17302140412554934,1066.7254099337467,1096.2541730464452,1123.2687775286486
ABFRL.NS,50.160368090163,-0.0972621669479139,-0.12910074110023118,-0.27603542642321843,-0.32072874129204454,-0.012854740716508828,77.04797290640505,78.36156727731611,86.69301588034206
CAMS.NS,52.24699710699335,-4.11029741450966,-5.487426875461324,-5.869667536289312,-6.309510066734225,0.9372869305067519,753.1031201065937,760.9217341903482,767.6174021004799
OIL.NS,53.89183342948206,2.8003766408766637,2.8444533818250193,0.5825670835287134,0.028114694191725687,-0.598529130285343,415.2679524968688,414.60789431094383,415.253892673173
PGHH.NS,46.699159259431916,-0.05124108833479113,6.3064196611630905,-5.009857921930144,-6.249512130328982,-7.597314957896718,12910.767824673878,13009.826399131081,13187.274244077531
BASF.NS,39.00559359208966,-62.47915004683773,-63.78743750559852,-80.30505386907133,-84.76152982462972,-3.1481884967976015,3948.881668659884,4111.467267818484,4310.4172674889
FORTIS.NS,61.38882931108757,2.9341263596601266,-0.030943338983774993,-6.111685550796796,-8.373138528411028,0.70361672102967,906.3054786251354,920.6406121047187,916.4126934013494
CHOICEIN.NS,65.20978137274423,17.838682273706013,17.467435447478806,12.77779457324457,11.512572648129208,-0.8939750988881556,815.3153637813176,800.3830453581712,783.1061799077885
IGIL.NS,43.513711061009204,-0.16978103634181707,0.4906889602700062,-0.246491879519611,-0.26566959031405946,-0.6796477074062717,327.54789120135354,331.6130502823502,340.9811493207304
ADANIPORTS.NS,47.777470207684075,-3.3131798401716424,-3.219862786638714,-1.7479053722992086,-1.3565867553311,0.29800156343518047,1485.6975783426144,1478.306652409827,1450.478193001919
VMM.NS,36.81415560342469,-0.8178966480148233,-0.48306095446119457,-0.4796586005258852,-0.3950990886536507,-0.2502761816813942,134.61705656835184,136.73164963398432,137.74984710203466
ICICIGI.NS,64.01553529490269,4.672661464100884,1.318476818385534,-3.3473229009485306,-5.3523189922108845,1.3491885544529953,1971.3977682101702,1968.2195636801234,1952.7364466001782
PFC.NS,65.2184483615294,4.125888484514064,3.291185562664623,-0.248457983669645,-1.3420446007155726,-0.25888369519648613,359.65188070168966,363.8525942109921,374.74606649210773
GILLETTE.NS,43.74677540510422,-67.8564894559986,-64.56568065795,-79.15926717886951,-81.98496160958723,-6.1165032287663195,8216.109222038818,8470.380709548075,8844.364864345971
ASTRAZEN.NS,31.168552213299165,-161.42854406410697,-142.5160895433728,-90.26778087778321,-72.47759008120225,-1.122263724153214,8845.857951274105,8989.764835633092,8976.464314880222
ONGC.NS,51.89926509767446,-0.16735794436340257,-0.3223310565844031,-1.1593870164911992,-1.4073942845231484,-0.09303415581094865,238.04071798969343,239.10771113930636,238.73488567872505
CHALET.NS,43.33730338840948,-5.540333011268558,-4.565234407241064,-6.422633468079385,-6.6432085822820905,-1.195673718230199,879.0155513521887,895.3651200992759,908.6142991455544
FIRSTCRY.NS,40.84641449373215,-5.228342772841074,-5.16831613538983,-6.848750653909377,-7.253852624176453,-0.4651286077183201,292.91957637390345,309.28372233824877,330.5442969151768
HAVELLS.NS,68.93721674601659,9.853587236164003,5.308967229681684,-0.9302940129093556,-3.6262643251776963,1.848649694213977,1439.029816940758,1446.123323189146,1471.164466444175
HEXT.NS,46.96407551485872,0.8106296962565693,2.0469960270315823,4.587934698614118,5.532260949203505,-0.2920400801856262,748.8439595653272,741.6252159092404,740.6733418300797
HYUNDAI.NS,49.93551079239348,-10.09583353519838,-12.1754812231693,-12.282819542142457,-12.829566043878474,1.532901186234902,2308.581389020647,2332.2544841051863,2315.8853974512353
KALYANKJIL.NS,61.730157308956684,3.0374324859261606,1.697672937741288,-0.269736642202339,-1.0965289242344642,0.5129672661527471,490.7603365877873,492.3207202867458,501.2465227400765
MRPL.NS,45.88580896401849,-1.9391595766688567,-2.0632751589195095,-2.7230861496383683,-2.919067792880746,-0.07186606099172499,149.82567855806428,151.93727919897552,149.27705033729026
ALOKINDS.NS,41.82868911637346,-0.14879743159920622,-0.14086669500156646,-0.15839214675031488,-0.16079082553809204,-0.010329415385416929,16.182456124608695,16.576483864979533,17.154839946468087
CANFINHOME.NS,61.169419462887966,14.569304984696942,14.579926654702263,14.270166304433172,14.19538163436723,-0.08540634007126258,925.322085682077,894.4251275187974,854.4449817929099
UTIAMC.NS,44.77223790583137,-8.246191032656725,-8.383030617508666,-11.769333096990678,-12.650118613074165,-0.7439459312315453,1129.7617739071954,1163.3151452007367,1199.1576223675515
LAURUSLABS.NS,77.80076977736184,30.151552608875363,29.121792757938465,26.895312391751528,26.081252337470566,0.21569979665593664,1076.3435445070727,1026.1369207829046,959.7912200786357
CONCOR.NS,63.53056637530977,4.86295739613729,4.3796595199672765,2.0757889815515873,1.3789968779051613,-0.21349422747641267,518.8344586661924,519.3243993859966,530.8305633796525
KIMS.NS,42.305301338740925,-13.092529095337795,-13.641168803243886,-15.407120068788833,-15.98576781215159,-0.030008035456665638,638.307845884908,662.8507423819414,679.1330676239596
NESTLEIND.NS,69.95387121948337,16.706961309216695,14.88937115138856,9.613718921967383,7.840408325155053,0.04427956101580577,1277.536170907225,1259.1887323566164,1237.985145841687
MRF.NS,41.49715025154923,-970.6875507133955,-917.0433490767027,-872.1658873315446,-847.5354714860815,-29.01378579122968,151647.11202318757,152689.1443247662,151020.71044116298
APOLLOHOSP.NS,62.6765715613242,-4.221451719495235,-29.40813269626051,-54.48193771159021,-67.04705920961396,12.621559478741524,7162.590095844249,7270.910603923492,7348.207330307988
KAJARIACER.NS,43.16511546530419,-25.925613861779652,-29.14553590961225,-29.765196653011934,-30.72509235082,2.260026350024532,1010.6898971499045,1061.0825353252983,1094.5228978212715
INOXWIND.NS,42.088803462375324,-2.442835663887891,-2.541530987837646,-2.9731681038216484,-3.1057512138050876,-0.03388778603368392,126.10971387283155,132.22441186949612,139.9974272736368
HINDUNILVR.NS,61.405795610637,2.44368427829113,-3.4316570350947586,-17.887409781711476,-22.970183296712126,0.7925677983852388,2341.496892704985,2374.503060341706,2406.5388268853344
DALBHARAT.NS,58.80567010938508,26.140481944848943,25.91641160156587,20.40026206288101,18.965207092389022,-1.2109846272089122,2096.709190781773,2092.976202803389,2114.1561430608963
GLAND.NS,45.30564572159111,-16.57034861651823,-18.194812529282444,-26.067143837876184,-28.44134264321567,-0.7497348925752725,1699.7430318198726,1753.3208582813556,1792.0776693893056
EXIDEIND.NS,43.15745618929359,-2.7900066855999057,-2.796910148747088,-3.230054758422264,-3.340066776627853,-0.10310855505840655,366.30963600216364,372.84329566288073,379.26079879248056
HDFCAMC.NS,45.58250365368173,-6.091091360403425,-4.18807129820425,-5.915153844576221,-5.871169465619419,-1.8590356832423733,2646.2029327095283,2671.3988874056054,2672.0491165638095
RVNL.NS,61.26827105218584,11.620063465969281,11.861631032447633,10.118057672988526,9.742556224743335,-0.6170690147235423,347.15642297887194,336.6482529474285,339.10367119319585
GRAPHITE.NS,73.97962822260811,29.11233504988286,27.423887247328935,17.91589056392627,15.116779442437121,-1.1106633189352237,606.4647191462033,581.2050007273738,566.2419784804416
INDIGO.NS,36.02482466170433,-95.6894128796821,-94.99349175975931,-114.63557228231655,-119.37211213297515,-5.432460970581388,5115.811536000414,5317.658494071926,5449.2867828392
CONCORDBIO.NS,56.64862160199014,-15.09344280297023,-21.585920878404067,-23.488783598209636,-25.587618797019484,4.393642876623989,1359.224905350798,1408.9129110652452,1489.313485056337
ARE&M.NS,41.794013974124276,-8.117661228113548,-8.176724109471934,-9.65497063340915,-10.03929798473305,-0.3252644699655143,925.1429757883467,942.8487063515622,960.9093584538872
ITCHOTELS.NS,48.245006029755544,-1.4658493821505942,-1.7049485348849203,-2.655498972454836,-2.952911370030896,-0.05831324484173406,198.12076282311668,204.09694089225505,210.5670657620675
AARTIIND.NS,50.63904347428028,0.2302015764967109,0.1857837438851675,-0.31008526247747337,-0.44515697222101946,-0.09065387713200268,373.83247940219707,376.4452651990287,385.39510281310123
UBL.NS,29.381961679925126,-28.686806464032998,-28.350139069158104,-29.980819994083287,-30.304323376595857,-0.6601707773874637,1621.378993912832,1678.5950426718264,1747.983063953299
SOLARINDS.NS,55.66448036201308,-78.24328452654663,-122.76773757276533,-199.17600683232172,-229.4091874087655,14.291272469774924,12529.012936375473,12914.712964965338,13341.646803803107
HFCL.NS,56.26694372780862,-0.2373311975088228,-0.5468140683762357,-1.1475424356837751,-1.3750952452275131,0.08193006132367486,67.1611480338275,69.19293909520582,72.28681239597155
OFSS.NS,40.165154806157794,-122.00006199121253,-127.34740264673565,-127.00646797607155,-128.2580694722863,4.095739159308351,7787.097718123098,8014.82972248674,8224.755360447889
JKTYRE.NS,65.67746058907036,15.136608807182313,15.455806648633654,14.931231814761704,14.879887566656551,-0.37054208955649415,494.2747494613976,466.3244069609794,433.1384022604904
WIPRO.NS,59.37668438367331,3.2075693953637483,3.2616911480489534,3.8600613453943304,4.023184332901976,0.10900123482244028,263.8449149786081,257.69130144064326,254.17124006094778
ASTRAL.NS,60.06820864192995,6.699596491367629,2.6938880377688292,-6.049382229631589,-9.236626909881394,0.818463773348995,1434.968425632695,1438.0428121549394,1440.6934887522264
PGEL.NS,65.46488128988602,12.590807399618825,10.705637172243769,6.355776419802573,4.797018674848508,0.3264124824209915,588.9102675470601,579.9306566347187,597.4377019393631
360ONE.NS,57.86765731553784,16.580954800675727,17.08997431097464,15.432905671207484,15.145893388840422,-0.7960317926659748,1171.3544361317124,1145.310047105729,1120.297889405046
COALINDIA.NS,79.32016021150741,11.040882361330546,10.398818768933097,7.7576325402673545,6.936820085001557,-0.1787488628683489,403.6827904368193,391.71036502536646,384.5319492334366
IREDA.NS,56.45285278283551,0.9059383602804303,0.7112295020437784,-0.3497145583420394,-0.6636277879976569,-0.11920437141896567,140.12387541815406,141.89044655701633,146.39433093084858
CAPLIPOINT.NS,42.746528115535845,-29.361083503702048,-29.82606036853963,-22.604387634863176,-20.915213667653454,2.1541508320473035,1884.7582925328986,1930.4430224709602,1976.7744276354458
TITAN.NS,82.39270807672612,76.61013368337217,61.62472171645004,53.32217332545621,47.500183235977225,9.163421877443142,4001.158375094133,3890.6291780069646,3771.893009825564
LLOYDSME.NS,51.08281821646244,15.057651290161175,17.479946520862995,19.517747700385154,20.632771802941146,-1.3072711281458282,1323.1154672092316,1307.6098291527715,1313.9806685197645
TECHNOE.NS,41.828209673754266,-23.3212967537645,-23.59182904293357,-28.907687766714627,-30.304285519952156,-1.1260654640684606,1096.4164455944301,1161.155603722335,1234.0347379308141
PAGEIND.NS,34.375429953083284,-689.6912513526186,-700.9372142117427,-721.1003363157654,-728.952607556552,3.3936916183374706,36278.599877396206,37824.1736697882,39796.69468315235
HCLTECH.NS,49.996724415190364,-1.1126332872102012,-1.1069511564726326,5.795662567764206,7.5227365315078085,1.7213918330060336,1638.8889014093677,1614.661388705684,1583.5310509449032
SUNPHARMA.NS,50.53448735368129,-7.850807745080147,-9.466859191374624,-7.941210354760861,-7.963811007181038,1.5934507938743003,1747.2318611099893,1741.9423415267015,1720.3947481561204
CDSL.NS,42.39696665803302,-25.1301533259566,-26.940444053646615,-26.602714604902584,-26.97085492463908,1.4421504079535197,1486.3599892200198,1523.4311665553291,1538.3922059874735
GAIL.NS,42.194591599884035,-0.9161429700948531,-0.7892882108581887,-1.231004210136069,-1.3097195201463727,-0.2055700692469682,171.60581469634403,174.00043820195737,176.217436076379
POLICYBZR.NS,36.4405503992989,-21.442998537726453,-15.700301506479263,-1.2938976677167027,3.7433775497857367,-0.7054218137447492,1830.4889615716895,1828.0621085111277,1810.0291372393585
JSWINFRA.NS,46.03294738985503,1.18539360383744,1.700308900174548,1.2476010420971706,1.263152901662103,-0.49936343677217554,279.582607684552,282.16442329169234,288.64618341621883
BALRAMCHIN.NS,44.92767208499872,-2.9564079193684734,-2.827092831662526,-3.1494647787187025,-3.197728993556259,-0.17757930254350418,440.2315818865415,450.3910739357152,472.54215444030785
TIINDIA.NS,34.773477937755416,-63.881934688164165,-65.05728413580164,-71.5097406140706,-73.41669209554719,-0.731602033839124,2620.325892148032,2756.159685104727,2869.42001119536
TATAPOWER.NS,51.546059397983406,0.2170859617957035,0.10140526824517337,-1.1273893864168265,-1.463508223469959,-0.22043814350260238,383.00392990670673,385.24082810145654,387.51586025647146
PPLPHARMA.NS,57.220596402431255,-0.8777538107913472,-1.5453587514802791,-2.543805329907649,-2.9603182096867244,0.2510920609098566,176.75917728868492,181.73842949870132,188.18871241673435
TRIDENT.NS,36.523233263545464,-0.2965814912404845,-0.2871484572285894,-0.31133267426839856,-0.31502047002537703,-0.013120829768873576,27.00628510277592,27.538353567621623,28.079684995396516
LT.NS,58.315158518008204,32.73041367046426,34.298536990667344,28.216086717275584,27.087504978978416,-2.696705058500253,4082.6267500121176,4012.0068677361132,3899.584377281603
STARHEALTH.NS,38.611226296529395,-6.399571673343587,-6.113340841211311,-6.959458420358339,-7.099430107112028,-0.4262025188859644,459.26328785408316,467.17123895413357,464.2197397483587
ITC.NS,15.830101390209165,-14.007026236928027,-12.254621878918897,-7.1903925115226395,-5.4862340801712906,-0.04824592665778127,381.95979513933435,394.7698444093109,401.70668126466455
NH.NS,56.755946232322415,8.978277517829156,6.2472099417977915,2.469174026038162,0.8418981530904126,1.1037917030836146,1898.118806500197,1879.7099476341803,1851.9093372041577
SUZLON.NS,49.75340266601632,-0.15828220278612548,-0.19178095285380437,-0.36511635576437407,-0.4168248940089362,-0.018209788176883235,53.21048373265119,54.13737242312098,55.74312467293666
BAJAJHFL.NS,42.11463809360414,-1.1288724165931399,-1.2243647836474167,-1.7600723367762583,-1.9178723168220375,-0.06230761299150234,96.47580870537776,100.15568888038047,105.00996300833002
HBLENGINE.NS,61.632059231497884,21.86662569584371,20.246976071675476,8.649272253927062,5.344933893447898,-1.6846887363109317,901.5868040910233,888.090648244318,850.1200475247782
TCS.NS,56.56600625030867,19.751008081663713,19.596601644072052,28.23325375253123,30.353815170248104,2.2749678553085353,3241.525404529062,3189.9477990435885,3175.2555075646333
EICHERMOT.NS,67.73647518026905,98.21546036812197,89.97138289186023,77.31519353837962,72.09012683094402,3.019010768826135,7307.012159742589,7138.135413822059,6840.479587517031
M&M.NS,62.050847832165516,33.2392772010794,30.456412895836365,14.936754410161756,10.361123712432343,-1.7927663924863708,3699.1922431651133,3653.0029789058494,3554.5343099568063
ICICIBANK.NS,65.92595404397957,3.3725562031986556,-0.2626644498900532,-3.0274821082777423,-4.6274916861468425,2.0352110752196086,1367.755369967536,1370.3139404523033,1376.8429243675837
NAUKRI.NS,56.70747111691809,-0.030426067841972326,-2.8630426069987607,-0.9659197679729742,-1.1997931930057246,2.598743114124038,1353.893543176793,1354.7079099126809,1363.5317220395389
SONACOMS.NS,43.99587733631892,-2.994029799572104,-2.729267955476246,-2.1040425633080835,-1.881545754242078,-0.04226503502985257,483.16468934762423,481.98372534334374,477.8581414090204
SONATSOFTW.NS,47.955285706314264,0.036887397396697,0.28492906375055327,-0.362521703793414,-0.46237397909094174,-0.3478939416513841,357.12556834539566,359.7180256153615,367.14008946577064
BIOCON.NS,49.62673814222203,-0.22624314852038196,-0.19668463718380735,0.5633539137241249,0.7607531792852515,0.16784075422455202,391.743461194108,388.1937190681376,380.07160711076335
CREDITACC.NS,52.268977068483466,-3.6899214984557602,-5.902692459099853,-11.875276341553741,-13.921615052328237,0.16643224986959737,1295.867768815019,1313.5571000034456,1310.6180215499567
GUJGASLTD.NS,65.11050216468928,8.494329145303823,7.7589642886317165,3.0399049960693683,1.6762989587607542,-0.6282411806365076,411.0680285396518,408.5027277688345,415.761200316744
JSL.NS,76.24989947100954,24.63787996277381,22.93225348262024,18.211940806718882,16.605456017705148,0.09914169113983462,821.6151835107804,793.4801782282477,768.9691208285931
NUVAMA.NS,55.35387420892243,12.986531800465173,12.492404138791471,11.9661223666339,11.711020008176082,0.23902530321588245,1464.4782512026381,1434.6381733329806,1391.342810460877
JSWENERGY.NS,62.041738921299704,5.880200667048143,4.825781809463194,0.27432769331898604,-1.1271405501133038,-0.3470493858473409,491.93190185216787,495.59100526413766,504.97431494500745
KOTAKBANK.NS,47.205820283587,9.435480568397907,12.462668335225771,13.011927526903445,13.906039266529831,-2.1330760272014793,2164.959817568167,2142.890677635086,2117.010156204948
BAJFINANCE.NS,36.351282360453375,-11.456807884460432,-10.42608267380831,-8.819854919617214,-8.16061667840641,-0.3714869694413174,995.0722359894856,1005.4516882909866,992.7019115564176
TORNTPOWER.NS,69.79291757992202,26.44990344316443,22.658089867352373,11.057003798469653,7.208778887295956,-0.05641133536163956,1327.840465975947,1308.4958982874873,1313.0037407747157
BLS.NS,43.68117462901067,-1.8228725385486086,-1.5917203568489526,-1.1418648036589396,-0.9716128699365221,-0.060900247977238475,318.4821290516571,322.62419364810125,333.2384083216219
USHAMART.NS,52.41119559859173,2.93755175917795,3.067173728217483,2.628474228171499,2.5512048454198855,-0.2068913517911466,449.15072186017056,444.4125718146852,429.19983743410285
JYOTHYLAB.NS,42.02016918113147,-3.7094577315887705,-3.8499736121164574,-4.798481291378274,-5.07073718132565,-0.13174000941968877,284.01690665250624,293.5442775001156,306.1703719041698
TATACONSUM.NS,62.48350613302366,9.267290008609962,7.331380827976545,6.32145944780721,5.585001807606521,1.1994515404327277,1181.9259711312125,1168.3396739776974,1148.4003045923098
KAYNES.NS,28.071010420679798,-332.92731290894744,-335.302028346769,-379.19481839179554,-390.7616947625075,-9.192160932890374,4157.704950339071,4877.280758946531,5438.642305322248
IRCTC.NS,43.42634573045938,-1.507205006742197,-0.6684190508453867,-1.046626161109756,-0.9314814497016456,-0.7236412444886998,680.953363188972,687.4792019267901,700.2007080786491
INTELLECT.NS,39.13014090491685,-29.175020829656205,-29.591035916725104,-25.60822453998261,-24.71652546756421,1.3077141594873005,996.003015107128,1026.1878791007518,1027.3901111035252
HDFCBANK.NS,30.308625227213057,-6.145406502309243,-3.593934268651765,-2.2592588672889913,-1.2877219585339277,-1.5799353249024142,985.7994685625041,988.9503863352492,983.653200148121
GPIL.NS,68.72190863875463,7.56974343178166,7.134249680850928,4.477578822438193,3.7045376701023263,-0.3375474014051352,258.65684997871216,252.64500511988624,244.15085148973438
ZEEL.NS,39.08189281828875,-1.6043385457832073,-1.7129084166194843,-1.9701237083515797,-2.0615699989936727,0.01712358019418403,92.14959331198165,96.41782645233391,102.53452027101477
REDINGTON.NS,62.83334160809666,0.9716821175221639,0.0015904360007539253,-0.8539684147928458,-1.3103810478715983,0.5136790484426577,277.0381553926504,276.32743430619905,273.2657382719096
SKFINDIA.NS,35.48953758750187,-48.34924115271747,-50.207812383773444,-71.81941468131492,-77.68695806346429,-4.0089721510933884,1835.8615452161841,2140.885268034437,2746.6471114724495
TITAGARH.NS,53.81350629040425,15.32333399121967,16.75908334511894,11.747174490067867,10.853134614779913,-2.329789229187222,852.9746463631838,847.7549863316513,857.4849024265992
ASTERDM.NS,47.347244750923316,-7.306363440524137,-8.313700710892022,-11.37979370100679,-12.398151266127451,-0.011020294752777104,618.3483851097368,633.7527327413085,631.3167483516828
BDL.NS,63.36988429401145,17.54865153616356,12.9709757026651,1.1476110793800858,-2.9526490348157846,0.4774157193025914,1478.9317942534212,1484.040621994021,1510.1635070339908
KEC.NS,46.157543265912764,2.2015884305641293,3.417248058870996,0.3157642593419485,-0.15569178346359683,-1.6871156711124118,729.6869004605584,744.4866893542425,773.6180540321008
POLYMED.NS,42.86211065997172,-38.31367508694461,-39.79030251635618,-39.41211930575296,-39.686730360455044,1.2020163747094799,1794.5408499164873,1854.1520261265962,1924.657059633358
SAILIFE.NS,67.6852135760819,17.875021302443884,14.90475237138412,9.911191459829064,7.920233999175357,0.9793114704060564,916.2995177909925,897.9247337081965,876.9890377408428
MARICO.NS,68.90973746759977,11.136635182826353,10.02060230866698,7.254416031449595,6.283861243605404,0.14547808631518233,750.6956979682542,738.2961682193733,727.9406629905839
BPCL.NS,52.946507683032976,4.094627317383697,4.628767008842601,4.136157928408243,4.146540581164379,-0.5237570387027679,370.4316890576613,361.7570263294606,348.39978370445
ZFCVINDIA.NS,60.32461851308813,309.8743410636871,315.49292778377094,340.16419339464017,347.7366564773784,1.9538763626543982,14806.451140409992,14243.442487172315,13831.343349707768
GRAVITA.NS,49.37976713221625,13.741998024055192,16.96989597501306,21.736154599719644,23.734693743635752,-1.2293588070417591,1831.5829441473288,1791.868210008981,1767.194670249146
APOLLOTYRE.NS,56.50963158553394,-1.2621568896882422,-2.5292816686148853,-2.893897446184051,-3.3018325853080026,0.8591896398026915,508.20898217018976,507.54876013452326,498.13649950968454
INFY.NS,54.67856382482779,13.326874185632278,14.217176856507649,20.369066345867584,22.12961438592641,0.8702453691834542,1621.4750197186256,1584.2002013437616,1554.8272940622755
NATCOPHARM.NS,62.521666484547815,8.823602660324582,6.152095288207192,8.730645287320632,8.707405944069645,2.6482680288664024,908.3327851674227,889.4381892937768,883.4338455322221
GSPL.NS,63.83183986454305,6.1226831553742045,5.811839398413554,2.79233196775558,1.959744170850923,-0.5217440399440063,303.2825320766679,300.8994175658918,303.78605720547074
KEI.NS,69.98079810124611,107.94344221330721,103.88030160474136,89.0327005696441,84.30501515872832,-0.664544802349937,4379.844010652127,4247.783533922493,4127.802773058202
DCMSHRIRAM.NS,47.570105666911566,3.691226161610075,5.373138562393706,5.436769630714502,5.8731554979906075,-1.2455265335075252,1241.6527156294133,1236.8273178250558,1230.7069787319624
JYOTICNC.NS,49.704653625144005,6.567879133679412,7.9804360398939025,6.322653306783979,6.261346850060121,-1.4738633629383493,974.8704050878048,964.2465171879247,968.8260797253381
LTTS.NS,43.5576167586241,-19.14811225635367,-11.829853069242745,18.407521085223447,27.796429420617727,2.0706491482833513,4460.967859059782,4410.931461896346,4359.2886359153945
CGCL.NS,51.72373154122339,-0.2986763454611321,-0.4833488858741646,-1.7368191257075685,-2.096354820769178,-0.17486315464857682,183.7439359258314,186.17983411614463,186.35129471539324
BOSCHLTD.NS,61.88720109608362,436.3427212779716,368.4373079731886,58.45906609044425,-36.01184770643762,-26.565500492098863,37106.97344888503,37087.81003462661,36955.8536482159
RECLTD.NS,73.18777682506261,7.256422513199539,6.1398306839744805,2.6707713831797055,1.5243586006747467,-0.02982095327990031,362.2959757877391,359.9856126362305,365.6608295769082
TATAELXSI.NS,62.88610986863406,49.265144821208196,33.16650447267057,25.655785561604844,19.753445746704003,10.196300533636787,5288.843148990961,5291.769201473231,5412.065276042634
CYIENT.NS,53.553610000029785,-3.9094447022512213,-6.099747622315363,-6.655946302645197,-7.342571702743691,1.5036775199656471,1133.5299553051022,1143.5680430914747,1166.401157324042
CRISIL.NS,61.62812282672759,7.941778795677237,-12.444039741983943,-42.03421926927667,-54.52821878551515,7.891819021422698,4423.335909868216,4512.2587474479715,4679.665830300245
GODFRYPHLP.NS,23.79732395718925,-169.08345651048376,-153.5533147185115,-106.43816761712895,-90.77684539379024,0.13118043136645952,2581.091329688545,2791.120296424933,2903.394341416631
BSOFT.NS,52.29847371469716,4.89631340475961,5.575006925673108,8.740206418655765,9.701179672129804,0.28227973256054106,429.5955171256343,413.8699772368054,403.50009166254165
NUVOCO.NS,43.57831565480009,-2.570336644403312,-2.3932904164999513,-2.99591601286743,-3.1023108549834593,-0.2834410700193901,357.040578188261,368.56270134029074,380.26887447279483
WELSPUNLIV.NS,41.365441586988815,-1.2745345924139428,-1.0397962685592859,-0.6239689605802563,-0.4613275526218345,-0.07209691589623524,132.91036772378183,132.65469287246813,131.2065372915394
IOC.NS,53.19190171716231,1.250157486593622,1.3846957773102417,1.1597689060824954,1.1371717609547136,-0.15713543584440148,162.89712079630385,159.9337672335944,154.4550028619739
MAZDOCK.NS,44.487077559538356,-26.89629049902169,-28.132875350105678,-37.148125284209314,-39.71108398050622,-1.3263738452129132,2509.331878216267,2587.404220448402,2674.0054435236525
AEGISVOPAK.NS,36.20003631330286,-4.470246650777398,-4.066900862314355,-3.708995725139179,-3.5186829937296245,-0.21303305705348752,249.7081328537564,255.62192773443098,257.6360476858845
TATATECH.NS,58.53826236756517,-3.1771577385909495,-5.644294165613587,-5.841607831223493,-6.507720354381628,1.801023903864503,656.2850097347475,666.048776583962,678.5528296096279
NAVINFLUOR.NS,45.3202699124024,6.540031944912698,21.029536896488935,35.15501550885909,42.308761399845686,-7.335759060589638,5878.665650981441,5749.021488299919,5470.271476184744
HOMEFIRST.NS,31.273525824786446,-20.558438107715347,-18.11134368332432,-14.816503876362697,-13.381020318524532,-1.0116108665528607,1113.9696430176145,1146.3195080950104,1176.9889214848329
BBTC.NS,49.05386548366063,-2.4233527412611693,-2.433115399559938,-3.719618064817696,-4.043684395706828,-0.3143036725903632,1872.9699419056583,1882.425658824823,1894.04585078202
MAPMYINDIA.NS,49.93710311876206,4.845715468449953,5.729135719264605,2.3144316938978626,1.68161075025984,-1.5162411944526744,1696.238403787672,1701.816204803338,1717.6353789440047
HINDPETRO.NS,55.25049644354196,7.1541458960925866,7.803845226594319,6.0234189372641875,5.740737197557087,-0.9323810702088329,477.04902330504484,465.94635749100456,448.9122749786504
CASTROLIND.NS,49.35022142685622,0.34395647217871783,0.421879246079385,-0.17506651381830013,-0.30482226031755466,-0.20767852039992174,189.36364746462027,191.0459197490855,194.92820499792066
LTIM.NS,48.1682159985955,-2.906436958739505,-0.23769344841002749,25.94656546141561,33.15981606645439,4.544507094709303,6095.397315812692,5979.566817309693,5759.679812898612
PAYTM.NS,53.18980172435111,6.1729271805747885,6.073271706073001,4.6465812718398345,4.264994794656096,-0.2819310026819508,1316.0958280425148,1298.3097152140504,1243.1974521568216
TEJASNET.NS,34.7411874732004,-12.123264651448721,-12.365983481566047,-13.81560256192194,-14.238687039540245,-0.18036564750097916,458.0383341219133,487.2914925530435,534.6443623968759
TBOTEK.NS,39.22694949230189,-8.538876110860201,-3.3922043544894223,3.2797375782328824,6.234391000506154,-2.192018334097508,1653.0403371349325,1636.6886530952804,1584.4246920943583
TRENT.NS,39.46942992345199,-15.126790489203813,0.05111214624503191,-17.009685870916424,-17.480409716344575,-15.648626480876995,4217.9551262896,4335.014622658279,4589.865548826146
COHANCE.NS,27.290270593328145,-22.515360714611347,-22.96674967957358,-25.713916999239583,-26.513556070396643,-0.34825010619482555,532.6232473121828,603.0772224791915,697.2479893235085
TATAINVEST.NS,37.84297868968431,-12.952287065307246,-13.285325666293488,-14.213257919754309,-14.528500633366074,0.01779588737447746,707.8048279534019,734.1264068461949,740.8781644740884
APLAPOLLO.NS,66.57540222625931,51.9563078876065,52.73886012826165,42.596951626144744,40.2571125607793,-3.122391306020596,1871.0882525655798,1809.413537183782,1763.4821791705647
MSUMI.NS,65.1831389617656,1.215531439847176,1.1128169442872533,0.6015789983199289,0.44809088793811713,-0.050773614821889135,48.07897177159908,47.0233190308964,45.765561957028936
NLCINDIA.NS,70.52128530170924,6.55674382162033,5.616007962730038,3.0284647165361003,2.146394940265042,0.05866608261923423,256.226017801572,252.71246592043255,250.72788059050072
TMPV.NS,48.54897267410176,1.4056362757744978,1.716906592044154,-0.6890562508222795,-1.2127309499112027,-0.8349450153585796,362.07592674645787,365.3506208834099,369.29152706957655
PRAJIND.NS,46.414478775444664,-1.3471465422265396,-1.1236036324756355,-0.6057540925494239,-0.42040598013014496,-0.03819479733162512,325.7050191262691,332.7333010782107,359.29489969330143
AJANTPHARM.NS,65.03724446119669,82.20462887085068,82.07016171484884,66.38099754125777,62.42508970885954,-3.821440676396385,2751.8305269108864,2648.617421664357,2600.4276973620113
ECLERX.NS,55.60989882704998,55.85675113553043,53.58204196310089,43.573214172588216,40.50232993185266,-0.7961750683060203,4680.508735324969,4575.94035683886,4374.733884505783
SCHAEFFLER.NS,41.02442180513787,-29.065178583157376,-26.654281220535722,-32.24223287371247,-33.036496446351244,-3.20516093526043,3840.5456057039423,3900.3883398884605,3928.7058399581406
NEWGEN.NS,43.621015729844395,-13.445324726195622,-14.235546300027295,-14.925319377520688,-15.295318040351953,0.4202229110004083,844.8738722311787,869.9325584749266,902.6218525675062
SJVN.NS,61.76747840243213,1.4171044074628867,1.1161537998615216,-0.2547920235486433,-0.6727661313015258,-0.11702350015151763,77.83175906602068,79.39920824521575,83.69722072463139
DIXON.NS,27.01335221233387,-641.308686046259,-631.2768432616886,-629.7977767903878,-626.92004947642,-7.154115470602619,12554.431515260134,13693.473345224085,14618.045491257422
HAPPSTMNDS.NS,37.64526874683835,-10.411067596650867,-10.396221933768118,-8.86442936555857,-8.477769807785494,0.3718138948903267,473.5361047128037,490.54738975135706,516.0659588867612
BERGEPAINT.NS,39.26270040136492,-6.863727553762146,-6.457243888848325,-5.560251812227836,-5.234382876844258,-0.08061472953024307,537.4563051698594,544.1140487515735,545.211307044128
IPCALAB.NS,60.45556907251847,7.463683453303474,3.2426566008416557,4.372548794402149,3.5997651296768165,3.4482431877364865,1428.6337790920024,1409.9422664699944,1396.5937026594656
NAM-INDIA.NS,53.82636498154098,7.23312985857649,7.41124774417915,5.955840720798706,5.636518436354259,-0.49744017004710717,877.480351469738,868.3674800327293,847.6936754899367
ENRIN.NS,32.14118876943154,-135.1005443509157,-141.44389932529884,-140.86319361456887,-142.30385593048226,4.9026926584697605,2710.0968140989185,2915.3053992134087,3036.1047716241583
ENGINERSIN.NS,59.976068571509444,2.3245587722282153,2.1904698553317132,1.6031299435951782,1.4227727364369187,-0.046268290261757494,201.3787725710951,199.66384999423465,199.99767330099667
APTUS.NS,48.15646858168843,-0.8501224659566446,-0.9010990105545602,-1.5548833909226119,-1.7310736221641037,-0.12521368664357624,284.14534420798003,289.5439159913859,299.1454243329181
WOCKPHARMA.NS,59.838459397437994,24.86861018909667,22.887585455265707,20.541301535234602,19.459474371769083,0.8991975703654447,1415.7367770705155,1396.2990244500038,1412.5282482926598
AAVAS.NS,39.5974337601015,-28.19906533870244,-29.10201561560166,-29.755357863851707,-30.14443099513902,0.5138771456119038,1483.0482401220224,1536.7666711491497,1599.0983788753601
AWL.NS,28.767570149605987,-6.356431628526224,-6.137416701291102,-6.189899754270718,-6.148266785706841,-0.17738195867124507,240.30700437562436,249.98324131301098,256.27308992762426
AFFLE.NS,60.66356469018483,25.431751887942482,24.362882072846332,14.330410495183216,11.555075146993396,-1.7064655330936702,1758.9528990651143,1766.0205000184842,1799.2458030141984
FIVESTAR.NS,34.88937419877617,-14.52459583995153,-14.502657640733787,-12.656987845944455,-12.190085847442683,0.44496379928402874,553.1116960534059,569.4784643525248,586.5453627657618
KPITTECH.NS,45.346342061626785,-14.220670046489886,-14.836113201197122,-8.9263022956923,-7.602710357992905,1.9390350924066322,1185.122018589559,1196.6295321016096,1209.5783601698288
VGUARD.NS,44.278882289833845,-3.476744460767634,-3.7145851093202396,-4.571709782802585,-4.845451113311322,-0.035900681956131386,331.74781208360844,340.7304350999815,350.8845611444143
GESHIP.NS,49.07123213810751,3.4898561487473216,4.565919225051175,5.067011564113346,5.461300417954852,-0.681774222462348,1106.4311512533138,1091.2506712372835,1060.286000953187
BLUESTARCO.NS,53.970822132105084,4.501017106087829,2.675432494155075,-4.327385159541317,-6.534485725948603,-0.3815159544745317,1785.9922008571186,1800.2114146471263,1816.1668048919703
ASAHIINDIA.NS,49.872255153827396,-2.8437832250340307,-3.231907324945155,-0.5366301669158487,0.040158097613697055,0.9649123644406701,993.263699077035,980.9747673901574,939.349655094702
VTL.NS,34.60379500565996,-2.880622421549674,-1.8573911046074159,-0.3027903983389068,0.3416676074637853,-0.37877331113956636,438.04551850649835,437.74414247360573,437.4717437736011
IGL.NS,41.04686300464273,-1.613342277350995,-1.3812161384257422,-1.7270528432389525,-1.7554804847109415,-0.26055378039724175,192.56697386574646,196.99843565160293,201.0664315097481
SUNDRMFAST.NS,52.01645416961485,-2.304389731160427,-3.2630964489643475,-4.260131028455273,-4.749066352778985,0.469771393480209,940.3189359887433,950.1746119652639,963.9629828497508
IKS.NS,53.85915845661026,12.599674151663066,12.756755189200703,15.917949834728958,16.74751875549543,0.6724878832288361,1678.3451482649966,1648.6453885074288,1622.30923178626
KPRMILL.NS,31.937978955045196,-29.53471857811826,-29.580667704256598,-28.439659700272284,-28.165894980810787,0.3197138455998356,944.9089251757264,989.1454973658869,1018.3095430294402
SCHNEIDER.NS,41.78457065505529,-12.923916461560566,-12.968717111993783,-13.087013880094988,-13.127788234728591,0.004026295799613777,720.473595230913,751.0143152589367,777.5659871977709
SWIGGY.NS,35.25791059185893,-7.521856074151287,-6.252775174300382,-3.695544534681791,-2.7389666498144156,-0.3125030149835304,389.33853146327965,397.7279955057544,400.98090167450135
PREMIERENE.NS,18.725649191444546,-43.735927923331815,-39.86762435254445,-35.01487441447115,-32.83461103725598,-1.688040193572192,855.7787085456562,918.7242633742594,963.3134288169758
ACC.NS,44.020823289662665,-16.55587302839649,-18.05286083748024,-21.2018533603412,-22.363348443327375,0.3354927260975735,1761.2724845806954,1792.9583626955741,1822.8392972999068
SWANCORP.NS,52.70510090627895,3.1369907892436117,3.3909295890398994,3.2336538956635024,3.2578196722684747,-0.22977302319131532,465.7266412111959,461.3906772607599,459.74982572859153
CLEAN.NS,36.48750550203688,-15.944512954017796,-16.152477653306732,-15.809833141921292,-15.776163188897163,0.24163465231306525,884.5103050378747,928.3614460955595,1009.0782160536407
ADANIENT.NS,47.52642813147508,-12.415538052097872,-13.77743128901966,-22.01342783367646,-24.412900279071103,-1.037579208472856,2256.1792139842437,2304.48245072488,2356.9037458893986
ERIS.NS,47.07104112070277,-15.239512549462688,-16.824964182312442,-17.33361347909917,-17.85713871150829,1.0619264004406332,1547.7920321621993,1575.0001081199184,1594.985296627771
DEEPAKNTR.NS,43.33143178329263,11.145129143835447,17.058263426017675,17.434459949914437,19.006792651434186,-4.340801580662479,1667.1344000554222,1673.7871862895938,1728.2306617224706
PVRINOX.NS,44.43984114408344,-17.03833070001906,-18.37272795764943,-19.702907020973367,-20.36905110121194,0.6682531773917972,1040.1071754634504,1067.6276798698661,1076.6072577564896
TATACOMM.NS,45.16362766202507,-8.144392795528802,-7.439779278574633,-9.699505205390444,-10.088283307855853,-1.0933916194195774,1804.8831957752516,1808.7352571486977,1780.4477510799434
MAHSCOOTER.NS,41.45171994661098,-110.73275475491573,-110.80601529882733,-153.9418748534116,-164.74415487803557,-10.729019480712367,14217.37741017496,14623.329475843768,14818.253819215486
SCI.NS,51.27824030821384,-0.08644128663726747,-0.2756702298396476,-1.8444375741890557,-2.2839366460770028,-0.25027012868556686,226.74439393623058,228.968998741238,225.5820597742863
KIRLOSBROS.NS,43.92287028309319,-18.85856432818764,-18.954897228987193,-25.472342214218205,-27.125786685725846,-1.5571115707080878,1630.0308421858406,1695.2641095458125,1774.9849974772374
ELGIEQUIP.NS,44.4186798052442,-4.375067387184572,-4.311795192181762,-5.166959473222287,-5.364932494731716,-0.2612452165122381,474.8627720613072,481.984739151233,489.2540062450108
RITES.NS,53.38586244268093,2.311496367570129,2.424640580095371,1.413613343292122,1.1891425872226202,-0.3376149685947438,239.55286941229963,240.04160216861675,244.18109264799241
RCF.NS,52.31012760701574,0.972759690723791,1.036069450683101,0.3711621356912663,0.2207627469331351,-0.21370914871744118,143.60170240593578,144.09608683714916,145.75795221896237
HONAUT.NS,49.826651703437356,-273.96114464537095,-330.660664119001,-446.68421584322857,-489.864983642693,13.518751674165628,33816.484734921476,34582.22092855406,35497.68601211949
RELINFRA.NS,41.72733546950222,-1.875268127854298,-1.4470694817913738,-2.491273585201402,-2.645274949538178,-0.5822000103997,162.38766304030503,176.88783862626073,207.19560952487214
ITI.NS,48.308432773666794,0.24931808204348727,0.40961770451934854,-0.06360404410902716,-0.1418345756471558,-0.23853015401398986,309.75895275172246,311.20488578225047,311.32275941878316
AIIL.NS,61.54884966572786,99.36391539449733,99.38170302955132,70.28553751912393,63.01594305028057,-7.287382103897357,2940.54207169344,2878.95421258815,2835.145844139634
ESCORTS.NS,63.5239265321648,57.34497797393533,52.33140316000572,29.802334757773405,22.916673953732914,-1.8720859901108824,3776.3085351500595,3717.118448519247,3649.644796966076
POWERGRID.NS,50.15886578573362,-0.19849079579620366,-0.27114503450098937,-1.1657358143255505,-1.407547068957887,-0.16915701592755084,266.7195418941391,269.5986397555472,274.0269370143733
VIJAYA.NS,55.72129981262635,11.112133252771173,11.473917004976329,7.602970912520683,6.725680327458061,-1.2390743372677777,1031.978255305088,1022.8053549854149,1020.0111502176729
