Symbol,Weekly_StdDev,Weekly_ATR,Weekly_WoW,Trend_13W
HSCL.NS,6.730809429365485,12.225006103515625,-4.8557931612971945,-2.879773480566957
ABCAPITAL.NS,4.893903761301453,3.725006103515625,-1.1010486988240418,22.704477012711628
BRIGADE.NS,5.172526693218879,27.5,-4.251831261969117,-9.788233038854784
CRAFTSMAN.NS,4.716682612189394,171.75,-3.9985920450545582,0.61236535340121
ANANTRAJ.NS,7.124955792103373,22.375,-6.317689677218764,-23.00906168076937
TARIL.NS,8.398969395695783,11.299995422363281,-1.1186129019666897,-56.116522038802955
HEG.NS,6.860377236383093,8.675018310546875,-0.46109979136647455,-0.6233816346394517
CENTURYPLY.NS,4.567085014882211,24.350006103515625,-1.4722380278189333,-3.116177664052486
EMCURE.NS,5.527368914049182,16.25006103515625,-0.6231164214389819,3.35195530726257
IIFL.NS,6.92210312384986,14.399993896484375,-3.4776479567935183,21.032926454684706
BLUEJET.NS,6.834877458398933,18.425018310546875,-0.8997362465237642,-20.56810618724628
GMDCLTD.NS,7.570957013795952,18.949981689453125,-6.551323990588437,-15.968879911767095
VENTIVE.NS,6.306157673680657,18.70001220703125,-2.741515991806175,-7.99480012999675
PHOENIXLTD.NS,4.8095559378662704,47.60003662109375,-1.0666062648231651,4.718364218914052
FEDERALBNK.NS,3.956471722601603,3.04998779296875,-1.0609567401576694,29.572561933900428
ADVENTHTL.NS,7.862476278672291,9.889999389648438,-5.080830323642857,
LATENTVIEW.NS,5.006283245914028,42.100006103515625,7.928587377228337,14.613751036508754
MANYAVAR.NS,4.200904160014186,8.82501220703125,-2.143154088399958,-18.549226931955605
SARDAEN.NS,6.2493794468200115,11.349990844726562,-2.122518855514838,-18.809381996326717
FSL.NS,5.422199971508075,7.70001220703125,-3.18443452246938,-10.604038552521502
JUBLINGREA.NS,6.052415329803599,57.925018310546875,-4.270329711511419,-2.3595702240815015
NEULANDLAB.NS,7.791357367163664,811.0,-4.305086753123705,4.480506885627465
AIAENG.NS,3.700037749799946,116.4000244140625,-2.5041172554413804,19.40226077608281
GODREJCP.NS,3.7895261689035036,19.89996337890625,-1.857392217071963,-9.614530298455515
IDBI.NS,6.3490123996335415,2.384998321533203,-4.106776116360955,-0.38395968659268204
INDIAMART.NS,4.969944046071588,38.5999755859375,-2.1968434022165235,-8.422416252631363
MAHSEAMLES.NS,5.332508238681342,17.749969482421875,-2.58831551397783,-11.713428681936708
GRANULES.NS,4.745293136525952,16.550018310546875,-3.2183272851374136,-0.11042263418018017
NIVABUPA.NS,5.528689963067005,1.8100013732910156,1.4970038430425543,-9.479302847980122
CHENNPETRO.NS,7.422173596183794,28.725006103515625,-2.267957579531802,22.184798727864276
MUTHOOTFIN.NS,3.997456148054103,49.300048828125,-1.7367963554619565,27.230918324481028
KIRLOSENG.NS,6.624732994581463,35.9000244140625,-3.5196362848914573,13.09801196166285
AKUMS.NS,7.40180533343776,5.5500030517578125,-0.8809552873883929,-12.633790599586831
MAHABANK.NS,5.959659892749356,1.1399993896484375,-2.4920992986192307,-3.0704785954353806
JPPOWER.NS,8.427187788798083,0.7200002670288086,-4.439747088798269,-3.211993424344221
GODREJPROP.NS,5.410010231680887,77.85003662109375,-5.637721275899788,-8.400147085283857
INDIANB.NS,5.804092537812408,22.125,-4.382225313318702,10.263720598717036
RHIM.NS,5.311184755925644,7.5250244140625,-1.208998985844804,-8.80438267358453
CHOLAFIN.NS,4.467462622387048,30.35003662109375,-1.3176172276029303,7.335467306618231
KPIL.NS,5.077639208450667,25.60003662109375,-2.394029846368848,-10.362490149724191
YESBANK.NS,5.638774185816326,0.5200004577636719,-3.761063571338087,2.7397256571365607
AUBANK.NS,4.538015957070809,10.875,-1.08774977352444,32.21789117296795
CAMPUS.NS,5.058621550427742,6.8499908447265625,-4.106588610588591,-7.287804288573178
LUPIN.NS,3.6887552033889195,28.0499267578125,-1.786735235733309,0.27728891326547217
DELHIVERY.NS,5.582402491447903,10.275009155273438,-1.7918932008481263,-17.01127480493416
HINDCOPPER.NS,8.289518431742882,11.75,-4.316261408391337,25.786610414601483
HINDZINC.NS,5.233040528297072,10.025009155273438,-2.850835581816915,6.809404466337436
KARURVYSYA.NS,5.3533862669628185,6.079994201660156,-4.001609075164249,9.687820818896336
WELCORP.NS,6.510322842870618,31.675018310546875,-4.137424653035137,-12.325731896825868
VEDL.NS,5.265642280381907,12.54998779296875,-4.04194703661225,10.469706112913297
JMFINANCIL.NS,5.673419478371686,3.7450027465820312,-3.889601597616501,-19.878622667368624
ABLBL.NS,3.956694723059083,2.2849960327148438,-0.8712584364008821,-9.905261520363966
SOBHA.NS,7.000910531629259,41.5,-5.514374179708641,-8.914239940103512
THELEELA.NS,3.944437227646663,8.04998779296875,-2.9792598626060656,-8.064325456465902
BANKBARODA.NS,4.9088246263666555,6.4749908447265625,-3.776492850324007,11.690727446782946
SBFC.NS,4.010731658441303,1.9199981689453125,-2.719487607923055,-3.7788580563393563
NAVA.NS,7.24455549565632,9.774993896484375,-1.690734042797423,-27.453461385895988
CEATLTD.NS,5.234800702698291,100.949951171875,-3.550128097437789,10.953418684068929
BHEL.NS,6.458473144497543,7.225006103515625,-2.7902790279027903,13.842392412411545
HEROMOTOCO.NS,3.639811431318881,145.25,-4.1965199590583415,12.5
IDFCFIRSTB.NS,4.433451340850075,1.8199996948242188,-2.6214945895641546,9.75609756097561
BALKRISIND.NS,3.8946919016629833,32.8499755859375,-2.240868751311372,-7.496421342930448
FINPIPE.NS,5.114835133282461,3.1399993896484375,-3.3051566459499115,-24.608152928914457
DBREALTY.NS,10.234587865702052,4.084999084472656,-5.082636459139876,-34.829215887726214
PIIND.NS,3.820139298926147,72.9000244140625,-3.621801374019746,-12.277547692713373
BEL.NS,4.565125712819411,12.650009155273438,-5.922832751294335,-6.382980311347965
HONASA.NS,7.874281700126444,13.800003051757812,-7.837795000467282,-15.925680481760581
CENTRALBK.NS,6.746543306006629,0.8549995422363281,-3.3884522111181106,-6.221523612215236
CHOLAHLDNG.NS,4.319874218231106,37.5,-2.909883576774786,-7.808861162261699
ATHERENERG.NS,6.450767732824432,17.975006103515625,-1.8068738131613742,13.430282292557742
ACMESOLAR.NS,6.684260547666211,5.6399993896484375,-2.6053392127701946,-29.79660810050318
GLENMARK.NS,4.369362281129644,40.14996337890625,-2.9824180788605745,-8.309053571706999
PNBHOUSING.NS,8.14678773248085,22.574981689453125,-4.198700248597477,-0.40830269056611795
AKZOINDIA.NS,3.6712645154759187,91.599853515625,-1.6308933306816549,2.409033058309806
SYRMA.NS,6.681187412685813,23.17498779296875,-2.7783416635132863,-12.682014833560359
MANAPPURAM.NS,5.1624603607058495,5.8499908447265625,-3.021098261796511,-5.149782288810862
LTF.NS,4.5975441715864696,8.050003051757812,-3.795219563423185,20.73368860478938
OBEROIRLTY.NS,4.956077793515174,43.6500244140625,-2.6180794849556084,-3.2330893198731525
HINDALCO.NS,4.590841063372058,14.70001220703125,-2.0224748756832676,8.516075451705737
LEMONTREE.NS,5.4217160246356215,5.864997863769531,-2.522332661079784,-7.241173774226748
CHAMBLFERT.NS,5.206330952049821,11.375,-4.295477144464919,-23.093687385560596
CANBK.NS,5.031307139235093,4.339996337890625,-4.817010018507852,20.142657235916282
AMBER.NS,5.383245807696479,160.0,-1.8971428571428572,-22.30736740481506
MINDACORP.NS,5.487782821152722,12.42498779296875,-3.599767251086637,2.8766477547507963
SBIN.NS,4.020590779563766,12.375,-1.9248597228030109,10.488782370008597
NATIONALUM.NS,5.82281598077217,7.475006103515625,-4.063703588337693,25.713789618561155
HUDCO.NS,6.224993220052041,8.220001220703125,-6.593555644715339,-7.773324586159893
ALKEM.NS,3.1844522217021574,82.0,-1.8060082812087042,0.5684381485157448
RKFORGE.NS,5.937433181664578,7.899993896484375,-2.324263885082288,-8.433307837407424
IDEA.NS,8.013872777210954,0.3600001335144043,-5.370369569100811,21.66667537083741
INDIACEM.NS,6.066623428233994,12.0,-2.246517498626269,2.0441418728255174
ABBOTINDIA.NS,3.1888554367503485,372.5,-1.6755916393159442,-6.27367034414622
ICICIPRULI.NS,3.6841360344637426,13.824981689453125,-1.2459049508915834,2.605594975536809
SHRIRAMFIN.NS,4.7191218614357,17.25,-3.292785543357092,31.36259137116043
MANKIND.NS,3.884155196304991,27.449951171875,-1.605073785706189,-18.435690520799668
ADANIPOWER.NS,8.00724544761594,4.7050018310546875,-4.63207937032502,-3.3549546108041
COFORGE.NS,5.050311929713166,56.89996337890625,-4.727235898978193,5.195728252066247
BAYERCROP.NS,3.634528359877645,65.750244140625,-1.6751638747268753,-15.661980429163053
KSB.NS,4.389388384915439,10.274993896484375,-2.1569314743322203,-15.252476691447644
J&KBANK.NS,5.8149722123333865,2.5200042724609375,-3.790599713300449,-6.03162835883713
GODREJAGRO.NS,3.548810928777621,12.82501220703125,-2.2902789607039993,-22.123469364081
BSE.NS,7.721633362256712,87.39990234375,-2.1485138711658114,26.24391913583216
SAGILITY.NS,7.206206410024037,1.5100021362304688,-3.935088553207561,2.104983793740883
IOB.NS,7.240030826117147,0.9150009155273438,-4.579141339687796,-11.81507266354231
ABSLAMC.NS,3.887319159027395,8.625030517578125,-0.7157621757785616,-12.559102140248116
EMAMILTD.NS,4.119626326766124,8.574981689453125,-1.5990793021333258,-10.129394553530743
SUMICHEM.NS,4.21869935507853,13.425003051757812,-2.933905190002015,-24.958455423087333
GICRE.NS,5.536605248665176,7.725006103515625,-2.749770808476446,2.0052241602321703
CUB.NS,4.266922682930753,6.949981689453125,-3.053160980024542,24.368827916778937
UNIONBANK.NS,5.541396011530423,4.375,-4.553160853612277,4.290808368863762
ELECON.NS,6.9795756498265735,8.474990844726562,-1.6650909918440977,-24.862337732805006
WHIRLPOOL.NS,4.48066573555611,25.20001220703125,-5.002632964718273,-32.575873293611664
ABREL.NS,5.764316791043761,71.79998779296875,-6.810265092661987,-13.547462882329445
POWERINDIA.NS,6.0938887279657825,735.0,-2.8749028749028747,-1.445466491458607
PNB.NS,5.036907642450607,3.520000457763672,-5.266614149151374,1.7652250186492566
TRIVENI.NS,5.673030876692412,10.400009155273438,-1.8544935805991443,-4.470981902423922
BHARTIHEXA.NS,4.6529917974195865,24.75,-1.762665654214851,0.7581501353117452
MFSL.NS,3.782254772634466,26.10003662109375,-0.09466191173583816,8.12576220667989
MPHASIS.NS,4.523544137632749,64.7000732421875,-2.447861810591649,-3.7577659885481105
COCHINSHIP.NS,7.268869722673283,43.6500244140625,-3.4367396593673964,-16.288052830807604
UPL.NS,3.9370796020163445,17.20001220703125,-3.201157762416204,6.323254775111361
AUROPHARMA.NS,4.164322717236881,26.79998779296875,-3.8764743855354693,4.574702955318904
BEML.NS,6.60240702005235,63.14996337890625,-5.513655273104749,-25.786452353616536
ATUL.NS,3.7349110525475666,108.75,-3.333049185917654,-10.581927140829523
SHYAMMETL.NS,4.576315681299055,14.399993896484375,-1.4759043792210154,-12.899143673140278
LTFOODS.NS,5.882916358788607,13.824996948242188,-7.568113133683392,-22.49603513559294
INDUSTOWER.NS,5.168050913914815,12.0,-3.1392874494426453,12.834520669640403
ZENTEC.NS,8.387014422416279,36.04998779296875,-3.3988588486695503,-16.375761075168437
PRESTIGE.NS,5.479981668174861,66.15008544921875,-5.361897271944807,-1.2108467398017706
NSLNISP.NS,6.0572233152532755,1.1850013732910156,-4.060301337889329,-15.899401908779625
NCC.NS,5.715488671255312,4.269996643066406,-3.8713187582380306,-25.50348412172518
NBCC.NS,6.8535282183899495,3.7250022888183594,-4.604672626390871,-3.352013032264677
EIDPARRY.NS,4.566345468564525,18.45001220703125,-2.8369526958650457,-5.889528833572025
BANKINDIA.NS,6.153732765422027,3.9149932861328125,-4.171617074447345,13.83746824938234
ANGELONE.NS,8.129506103455588,82.5,-4.970286226862345,10.756189631316005
DRREDDY.NS,3.1664087890658186,12.10003662109375,-1.2468556267696222,-4.721185189454204
SIEMENS.NS,4.061528124227194,89.699951171875,-5.060278710399544,-5.060278710399544
RADICO.NS,4.1853645509528565,82.8499755859375,-2.8483073785385296,1.9066323070229323
SBILIFE.NS,2.9442719652973426,30.5,-1.096998157212958,8.676768912680055
DIVISLAB.NS,4.016127084275571,129.0,-2.494786437012435,1.806451612903226
MOTHERSON.NS,5.101088442298387,1.9449958801269531,-2.3921426559208987,4.739638872533859
VOLTAS.NS,4.409364898840674,16.050048828125,-0.9193633136303692,-7.401927866668512
JUBLPHARMA.NS,5.825353637429554,32.04998779296875,-4.521815336292943,-6.5351668364615
GMRAIRPORT.NS,4.852822213924428,3.5,-4.598591477146127,6.722145577391728
JBMA.NS,6.803926529284829,16.9000244140625,-4.702991369222206,-22.50551175406263
INDUSINDBK.NS,4.8728722734290315,23.29998779296875,-3.9133420007326185,12.311923747053397
JWL.NS,8.2687036871757,10.950004577636719,-6.141170060340357,-26.225167359386496
ANANDRATHI.NS,4.2646872430213225,66.4000244140625,-2.4914577316311535,-6.930501433747669
ADANIENSOL.NS,7.039569188098267,21.925018310546875,-2.4978241591352455,8.806931294518645
ATGL.NS,9.324765453613736,16.29998779296875,-3.009362873874402,-11.689311994342548
JBCHEPHARM.NS,4.101083030086014,34.0,-1.68730406574918,4.690236069549459
PTCIL.NS,8.160780413727938,428.0,-0.3973509933774834,25.819836701914067
POONAWALLA.NS,7.7334404598214626,16.75,-4.8762311669127065,-10.504745186000749
M&MFIN.NS,4.954006653554452,14.149993896484375,-5.37341876096719,20.117424436449763
SAPPHIRE.NS,4.62199422923411,5.650001525878906,-3.989059425731993,-26.123153341296216
EIHOTEL.NS,5.07409584899832,5.125,-0.6805493000992818,-4.845311150932479
JUBLFOOD.NS,4.137820254614902,9.3499755859375,-2.1915036636012246,-7.375480588502045
INDHOTEL.NS,4.676439347512066,14.82501220703125,-2.42167350058864,-8.039452848599835
BRITANNIA.NS,2.859196806884744,103.75,-2.3905385002516355,-4.135431254633825
ASHOKLEY.NS,4.170195998812779,3.68499755859375,-2.1074222160796676,12.526059930425436
UNOMINDA.NS,5.174960100736701,17.050048828125,-2.15341275450542,-5.6603738679798
DEVYANI.NS,5.121921641882414,2.8499984741210938,-3.129798010454753,-25.845274477548337
ONESOURCE.NS,5.940806851824392,34.95001220703125,-2.544787232856247,-10.755608527031288
APARINDS.NS,6.310453298329588,190.75,-3.0789976401842902,-2.5093251949813498
SBICARD.NS,3.7749401669167764,14.850006103515625,-2.4120246322341465,-0.9005950096049931
NETWEB.NS,8.362538888560945,99.25,-3.6669261558611574,-9.477337742962513
JKCEMENT.NS,4.532527422519614,122.5,-3.2088888888888887,-20.65724278635966
THERMAX.NS,5.249644211100765,85.3499755859375,-3.0150771444751956,-16.558839616088953
PFIZER.NS,3.196741510695382,38.25,-0.64,-2.7312775330396475
TORNTPHARM.NS,2.992980538251777,39.9500732421875,-1.0723963803293033,3.199054866590117
HDFCLIFE.NS,3.1792594121562776,13.20001220703125,-1.340620585268609,-3.0938394054417424
FINCABLES.NS,5.155929869747804,16.125,-2.9461696513028444,-13.961605994896217
RAILTEL.NS,7.028152535748279,14.875015258789062,-6.28084331289001,-20.213364701399218
TATASTEEL.NS,4.477832650131826,3.375,-3.147624012700835,-5.615809344504723
SAMMAANCAP.NS,6.818767593153578,5.180000305175781,-5.144285670195364,-1.7596565563298188
ETERNAL.NS,6.384939672025829,8.899993896484375,-3.9500643071345904,-16.550284863987986
DLF.NS,4.878925396400578,19.82501220703125,-5.133728684547586,-12.202651784040244
FORCEMOT.NS,7.304658760536179,279.0,-0.4252344614667676,-8.042390661143688
DEEPAKFERT.NS,6.9055050172092045,41.95001220703125,-5.446389118346538,-16.13258009874519
BAJAJ-AUTO.NS,3.4820367592077046,121.25,-1.6357448677132507,-0.1281836928049936
JIOFIN.NS,4.763971131319438,6.0999908447265625,-3.45679012345679,-7.49211356466877
SAIL.NS,5.836409766254046,2.899993896484375,-3.56118442010094,-6.152714714525639
VBL.NS,4.748807595266262,9.649993896484375,-2.937807218438708,-1.812626384708137
COLPAL.NS,2.9684808563082488,25.550048828125,-0.6606821905700172,-7.038156134299882
LICHSGFIN.NS,4.419215564110337,13.7750244140625,-3.9128853238609054,-12.179489489504949
AEGISLOG.NS,6.485060704905231,17.449981689453125,-1.7612507696838273,-8.041180514243656
AADHARHFC.NS,4.577637471440344,6.5500030517578125,0.30120735883163446,-10.442365902094247
GODREJIND.NS,5.243016874391526,14.95001220703125,-0.384617792313856,-14.07791795142835
ENDURANCE.NS,4.048444282338794,84.9998779296875,-2.0308386611508085,-9.532905018232332
GODIGIT.NS,4.331993874037758,8.050003051757812,-2.1573421923410665,-2.619523108001826
PCBL.NS,5.726121965107557,3.7750091552734375,-1.5928640003888828,-24.066221048002557
DOMS.NS,5.7860555992488605,56.25,-2.0188425302826376,-2.8333923443020494
LALPATHLAB.NS,4.637607122024788,65.8499755859375,-2.990496921568618,-15.196938278367686
DABUR.NS,2.8588936206536677,6.4749908447265625,-1.7839651038288642,-5.939923082441038
CARBORUNIV.NS,4.636015071109354,23.7249755859375,-4.449037449912719,-13.30447336694352
RBLBANK.NS,6.263433026486504,5.475006103515625,-2.6160890514541557,9.889294388549354
PIDILITIND.NS,2.9231793266101964,25.5999755859375,-1.8371619574580278,-4.996228927223702
NHPC.NS,4.28667076271583,1.0349998474121094,-1.8165324139386576,-13.835119070940946
ZENSARTECH.NS,5.163929802841261,13.475006103515625,-2.9551763193253913,-15.581465976573886
SUNTV.NS,4.16586407177649,9.125030517578125,-2.050674535299483,-2.9645067530160394
RPOWER.NS,9.206626953615924,1.3500003814697266,-7.006367750177017,-27.06078216538539
RELIANCE.NS,3.038047341420284,17.25,-0.9931148254103709,8.377150942792357
ADANIGREEN.NS,8.259040324808431,21.399993896484375,-2.338605434557773,-3.570382119061138
BANDHANBNK.NS,4.9700515938146195,3.94000244140625,-3.3052575830178657,-18.931053708507633
LICI.NS,3.9641643279192507,13.100006103515625,-1.9140158577737063,-4.5100988577603855
SIGNATURE.NS,4.976424811515271,18.95001220703125,-1.7707798139725857,-0.33405121464702714
TTML.NS,10.360251226449952,3.0349998474121094,-4.985756600264747,-19.081459255893392
AMBUJACEM.NS,4.3673665446851,8.20001220703125,-1.1802150500258468,-9.434288102907503
RRKABEL.NS,5.776281096461146,15.29998779296875,-1.1109451625733586,8.074974579831032
KFINTECH.NS,6.269942689045585,25.90008544921875,-2.6537929651375025,-9.722588612439877
APLLTD.NS,4.3156341124605575,22.175018310546875,-2.567234485365705,-8.581854827212592
IRB.NS,6.90340556840374,0.9000015258789062,-3.598133044343272,-5.1962770465406
FACT.NS,9.708523373062494,38.32501220703125,-7.768593600114375,-21.891716928698074
GLAXO.NS,4.218617492145904,49.89990234375,-1.7913299774868132,-8.795742186226626
MCX.NS,5.325159148433182,240.0,-2.011021947210674,25.87716574551326
TATACHEM.NS,5.031772126313525,16.70001220703125,-2.1639429318717385,-23.78220547495685
AGARWALEYE.NS,5.244451994772389,12.100006103515625,-3.1126482213438735,7.735416580880336
DATAPATTNS.NS,6.695741907607141,118.9000244140625,-7.746811446535164,-10.775468723632416
BHARTIARTL.NS,2.9708267130544566,24.7999267578125,-0.6117292386987425,6.8028881099075695
MMTC.NS,7.879366556718301,1.8150005340576172,-5.8906741345569875,-21.05653473101035
JSWSTEEL.NS,3.833093106353152,31.0,-4.147302804760385,-0.7837592131661981
BAJAJHLDNG.NS,4.13864715611279,183.0,-2.2001609873893213,-16.78715470664333
PERSISTENT.NS,4.877669173165353,161.75,-3.4046468829077527,14.393389030148928
ABB.NS,4.552020865395412,94.75,-2.918720402048903,-7.621988813240972
INDGN.NS,4.436872983114194,11.17498779296875,-1.4992504434085345,-10.39127328880696
TECHM.NS,3.9056318133353964,19.1500244140625,0.21007936435158422,2.3671977921438203
ZYDUSLIFE.NS,3.595146654217466,12.250030517578125,-0.9877086356177303,-11.091298892552945
INOXINDIA.NS,4.963066453126343,18.75006103515625,-1.4941113790168243,-9.114491306696822
AFCONS.NS,4.52260037692862,9.550003051757812,-3.4595106553322945,-16.58182363371449
BATAINDIA.NS,3.5071131710977004,18.07501220703125,-2.021819902390461,-23.45479019232017
SAREGAMA.NS,6.103732061352696,15.425003051757812,-6.994327504802625,-29.038035925483925
MEDANTA.NS,4.921119091433098,16.85003662109375,0.008592658868715084,-14.074729172822614
METROPOLIS.NS,4.806850201561353,16.4000244140625,-0.7431622035487304,-10.299197583807658
CUMMINSIND.NS,3.969501293662505,71.2001953125,-0.9196916143656457,8.51386899956071
FLUOROCHEM.NS,6.034946590956354,100.300048828125,-2.8481077712774434,-13.427059301366892
WAAREEENER.NS,6.75907614609048,71.0,-0.4492548158555202,-18.89222407866316
BAJAJFINSV.NS,3.8346056160311317,41.0499267578125,-2.1702838063439067,-0.7884703934179699
PETRONET.NS,3.346821595465801,4.25,-2.456331986843236,-1.2389069679634201
DMART.NS,4.479890858284059,75.14990234375,-1.8876064829554995,-18.800909710552776
SHREECEM.NS,3.840382799591268,302.5,0.21093000958772773,-12.3023772415775
CIPLA.NS,3.0002346849783095,16.45001220703125,-1.4597627912554378,-4.899103366546972
NYKAA.NS,5.834706364284452,6.9749908447265625,-2.0800639671425816,2.4135969955931023
IRCON.NS,6.388742274636789,3.9150009155273438,-3.898933626281678,-21.340247179361093
GRSE.NS,8.062934189939451,81.75,-5.516200982411875,-10.197864756652034
LODHA.NS,7.039056144414969,31.04998779296875,-4.192153347374275,-12.424963294085668
IEX.NS,5.631971241621643,3.1949996948242188,-2.6288570157668207,-5.059379553038192
JINDALSTEL.NS,4.999278114613827,16.149993896484375,-1.9169634512289506,-5.592734225621415
SUNDARMFIN.NS,4.499197380803108,110.400146484375,-2.1842688490790607,3.6159846955632644
ALKYLAMINE.NS,4.996004230008192,30.89996337890625,-2.4612219510956845,-23.14244583320801
ASIANPAINT.NS,3.4312620577804287,69.5999755859375,-3.8605389138032677,15.17726071692526
ACE.NS,5.9933784716202805,25.500030517578125,-4.037409777702001,-19.704345703125
TVSMOTOR.NS,4.092660765701009,57.1500244140625,-2.2371365249278017,1.5300051423512677
COROMANDEL.NS,3.289193249297052,42.050048828125,-0.33908832163433167,1.370771611762105
NMDC.NS,4.916717264516502,1.6499977111816406,-3.648968021102071,-3.7370974205807235
PATANJALI.NS,5.731645771173514,9.675018310546875,-0.9985475893051954,-10.177878905050619
NTPC.NS,3.4095902050504208,3.4250030517578125,-1.4537525106443392,-5.121806675190651
RAMCOCEM.NS,3.9408875294438825,16.70001220703125,-2.1661745216679034,-6.1752967749211845
BIKAJI.NS,5.213790496949895,12.550018310546875,-1.904291798460344,-10.796064140302885
TRITURBINE.NS,6.439367433088774,13.0,-0.8892622669579582,0.8300713317823883
IRFC.NS,6.501178852728009,2.7900009155273438,-2.897032931090256,-13.469170501488367
CGPOWER.NS,5.81436477896079,13.625,-2.804867086678877,-17.526306433437302
NIACL.NS,6.5886649812106635,3.4099960327148438,-1.612806542692721,-22.112373188648867
JINDALSAW.NS,6.44645931435073,4.19500732421875,-3.743813628250967,-26.793107031488272
HAL.NS,4.8829055147058735,114.949951171875,-4.677015635550304,-13.852161688804292
RAINBOW.NS,4.511032787646608,21.45001220703125,-0.9401194028178371,-5.68750946885865
3MINDIA.NS,4.019512273434995,787.5,1.1135531135531136,15.34347317399298
CROMPTON.NS,4.079897752209035,5.150001525878906,-3.4025397523418226,-19.971336126492755
AXISBANK.NS,3.423031630314119,16.35003662109375,-1.0370408442982455,11.735181256517125
MOTILALOFS.NS,7.588103192357217,32.9749755859375,-5.682972452876872,-11.63332518196029
POLYCAB.NS,4.759931946554585,170.25,-3.42428000551192,-7.159888726983707
UNITDSPR.NS,3.4325389100448613,26.60003662109375,-2.390761702493443,6.971849198951456
OLECTRA.NS,7.379956311294161,39.449951171875,-4.302136651400862,-28.93116316464071
BHARATFORG.NS,4.216921492904137,25.9000244140625,-3.1650071123755334,6.977296474817949
SYNGENE.NS,3.724384437802565,9.9749755859375,-1.7739880904171272,-5.56014716677002
NTPCGREEN.NS,5.241836507190001,1.5,-2.0282847195379836,-14.101699837628765
GVT&D.NS,6.916823114730492,71.4500732421875,-1.7336029743395758,-11.337045259537154
GRASIM.NS,3.483398338536217,27.5999755859375,-0.42956129698307244,-4.958475138612735
BLUEDART.NS,4.222544396903648,123.75,-2.201455656393207,-5.553627212773343
UCOBANK.NS,6.503403892068402,0.7249994277954102,-4.27698017885311,-9.178739272622598
CERA.NS,4.249549260009811,102.75,-0.9169161676646707,-15.469348659003831
CESC.NS,4.415100838689652,4.275001525878906,-3.706894797840338,2.1935505366611
OLAELEC.NS,9.190069670747688,1.8549995422363281,-4.647891622194102,-41.303971650984096
MGL.NS,4.149303852198185,31.949951171875,-4.700854700854701,-17.08187398770237
IFCI.NS,9.083180947375402,1.3399982452392578,-4.860270299646858,-21.35922627673744
ULTRACEMCO.NS,3.5051533404015234,105.0,-1.3365525566956973,-8.522545570834666
CCL.NS,4.9008787399915406,29.95001220703125,-1.8530191421495184,5.208512504922663
SUPREMEIND.NS,4.314841543714489,32.1500244140625,-0.9700155547215801,-24.104366108377885
TIMKEN.NS,4.986289265067915,77.449951171875,-4.431582108138587,-2.816946053854421
MARUTI.NS,3.3352164700505282,132.5,-1.0932317897064243,1.5128593040847202
LINDEINDIA.NS,5.395752649802262,228.5,-1.3705583756345179,-7.688653100007918
SRF.NS,3.6261681054092527,52.25,-2.023979494014434,-3.7518709316302337
MAXHEALTH.NS,4.954996941520405,25.0,-2.4330301301427015,-7.6743988744731455
ABFRL.NS,6.2911156540154956,3.1350021362304688,-2.118598296676892,-17.739663292813855
CAMS.NS,4.729716999818209,20.600006103515625,-4.408922478900696,-9.25330180547202
OIL.NS,5.744998225595564,8.125,-2.6216817551929514,0.0853378814383636
PGHH.NS,2.547134451386136,223.5,-0.039723524271073334,-8.680505153142692
BASF.NS,5.274596042056361,36.300048828125,-0.9540958049655707,-13.936853572675043
FORTIS.NS,4.1688226928555405,22.624969482421875,-3.7082902098591406,-10.309768369681544
CHOICEIN.NS,3.83477945201774,18.0,-3.949086161879896,-9.127403468868339
IGIL.NS,7.140901188160105,11.375,-1.8673917348027875,-16.507342750240646
ADANIPORTS.NS,5.178780970219961,23.300048828125,-2.265805796277478,3.3197857348901016
VMM.NS,4.083135043938745,3.0449981689453125,-3.9840603405223107,-16.160158687393647
ICICIGI.NS,3.1604651385509284,23.0,-1.2307561045202307,4.846527461702008
PFC.NS,4.93748735785589,8.100006103515625,-3.5871243769814467,-16.04280331574981
GILLETTE.NS,3.4983441969744242,160.25,-2.3427201917315754,-21.276081916537866
ASTRAZEN.NS,4.648591089899996,176.0,-2.2326992900883327,0.9625608595892328
ONGC.NS,3.882978102887775,2.904998779296875,-1.7535115045629304,2.584663214953923
CHALET.NS,4.7984147957015315,10.6500244140625,-1.5805010867715499,-14.04703946138909
FIRSTCRY.NS,6.5961435127142005,10.824996948242188,-1.8688438089400077,-27.322826546499705
HAVELLS.NS,3.781953740634119,24.35003662109375,-2.8193525931082495,-12.24541380745028
HEXT.NS,5.543054903732191,16.5999755859375,-0.66909410970106,-3.3262223544462897
HYUNDAI.NS,3.880196728440784,34.89990234375,-1.8099176803691275,-19.27882704740541
KALYANKJIL.NS,5.917115743357545,14.275009155273438,-4.639595147921955,-8.163864000446367
MRPL.NS,7.175611734116336,5.435005187988281,-4.149866433493904,13.519762253932774
ALOKINDS.NS,6.884912408504178,0.3900003433227539,-3.520695674465669,-17.223109746328706
CANFINHOME.NS,4.579381212736961,26.32501220703125,-0.6216669251581456,15.688811880227535
UTIAMC.NS,5.006851871781923,20.20001220703125,-1.5950724579035798,-18.81340328848567
LAURUSLABS.NS,4.667985952000249,21.20001220703125,-2.6508090653001837,7.25504761636379
CONCOR.NS,4.593616402452986,8.925003051757812,-2.670970398694955,-9.722548709646615
KIMS.NS,3.9111469488101633,23.5,-4.9644903703169385,-10.146386015325513
NESTLEIND.NS,2.5558249189773825,23.3499755859375,-2.774879694320045,1.4901673359669318
MRF.NS,3.2807787363078442,1900.0,-0.4601527315449383,1.872354575980142
APOLLOHOSP.NS,3.8593194651903064,90.25,-1.5856457333611518,-9.36399154550695
KAJARIACER.NS,4.189777929229284,19.20001220703125,-1.1946502483419754,-12.951162250978996
INOXWIND.NS,7.93315459908917,4.439998626708984,-5.512905122648487,-18.686401125686086
HINDUNILVR.NS,2.8913490512005113,33.5999755859375,-0.5815486653695109,-8.451446879930677
DALBHARAT.NS,4.6136810619621595,25.5999755859375,-0.5379563183446455,-17.755276202478047
GLAND.NS,4.733222283457263,43.39996337890625,-3.516783309233111,-16.452444176127397
EXIDEIND.NS,3.9805014832529593,6.25,-2.6173830985678053,-10.687572447037093
HDFCAMC.NS,3.7969167398499355,41.0,-1.5557748848205626,-13.34756587232135
RVNL.NS,8.208373324552,6.274993896484375,-2.3484053939879637,-16.480952648845086
GRAPHITE.NS,5.762874906361433,14.07501220703125,-3.2651140079941863,-8.764697327112223
INDIGO.NS,4.41506571182109,232.25,-7.997393166371847,-12.995245641838352
CONCORDBIO.NS,6.684476543723393,43.4000244140625,-3.869639239936372,-20.12860339130935
ARE&M.NS,5.264947603179427,17.350006103515625,-2.3424242756754627,-8.915548876076834
ITCHOTELS.NS,4.890576331322896,3.5250015258789062,-2.433106540003874,-15.138975570275798
AARTIIND.NS,4.524141491343223,11.150009155273438,-3.9113020704880848,-11.279248404540756
UBL.NS,3.345671460184822,24.0,-1.5624100317964402,-7.739420935412027
SOLARINDS.NS,5.00040820398891,274.0,-3.908261174818629,-16.044165757906214
HFCL.NS,7.025776790515388,3.075000762939453,-3.9837752406635794,-13.268777326101814
OFSS.NS,5.006576037120281,228.25,-3.4006570142353088,-10.594441184466003
JKTYRE.NS,6.336359545487009,11.42498779296875,-3.8983364337300555,19.018410101717393
WIPRO.NS,3.604582779900255,3.3900146484375,-0.2962521652967553,1.2740384959418827
ASTRAL.NS,4.560309496004138,30.0,-1.5210655136605002,-0.94492306599941
PGEL.NS,7.758347072511695,20.800018310546875,-4.305837799217154,-7.196014158146609
360ONE.NS,4.787139593276627,34.10003662109375,-1.831342190129071,4.684060024224921
COALINDIA.NS,4.061953820291262,4.0,-1.5002005589949465,-2.5626728066295454
IREDA.NS,9.468764847869448,3.214996337890625,-2.3088356170807853,-18.99048220316926
CAPLIPOINT.NS,5.291433282394893,60.70001220703125,-2.5924428940176156,-18.373879641485274
TITAN.NS,3.4613796884843056,43.0,-1.214172717469573,8.64674818441884
LLOYDSME.NS,5.453700895145506,35.70001220703125,-1.1144880039389007,-9.168238526768913
TECHNOE.NS,6.000744908908109,35.79998779296875,-3.7344019572165745,-25.40231592395454
PAGEIND.NS,3.700312530171325,520.0,-1.4817781337605127,-15.03815026655809
HCLTECH.NS,3.4699036377532666,18.4000244140625,-0.3327377056409685,15.223685333706308
SUNPHARMA.NS,2.793069329097246,14.79998779296875,-0.7311844505159166,8.218597559537288
CDSL.NS,5.945735724401193,41.70001220703125,-3.5276636162208823,-5.4424763328658345
GAIL.NS,3.9400185538914627,3.3149948120117188,-3.0238848798933624,-9.254058972428673
POLICYBZR.NS,6.411763329438084,28.0999755859375,0.5755571899205943,5.255303761547891
JSWINFRA.NS,5.451241911477435,5.925018310546875,-2.692664809656453,-21.97736464435751
BALRAMCHIN.NS,5.206396581384108,12.04998779296875,-4.1427432510046955,-15.845929321075566
TIINDIA.NS,5.149144498207951,71.550048828125,-4.522438059168512,-23.533647626112376
TATAPOWER.NS,4.719779862169117,7.4499969482421875,-3.05591677503251,-5.94246493019614
PPLPHARMA.NS,5.690390666117079,4.215003967285156,-3.5807629818481077,-16.741883676568175
TRIDENT.NS,6.370600880594102,0.6150007247924805,-3.7010445183944687,-11.02258137339863
LT.NS,3.3039793632499683,46.4000244140625,-1.431332017409182,8.298416719375377
STARHEALTH.NS,4.833992195399571,9.899993896484375,0.31669360491944554,2.1801975067783648
ITC.NS,3.078476098083126,3.425018310546875,-0.7778798170407377,-2.155121450153123
NH.NS,4.28428764061595,45.0999755859375,0.057383044077832325,8.190430233113801
SUZLON.NS,8.250659668031403,1.135000228881836,-0.2319341760515909,-14.536427768519628
BAJAJHFL.NS,3.868818101319423,1.8499984741210938,-2.8466783190260565,-18.98237009288045
HBLENGINE.NS,7.261380841879604,17.54998779296875,-1.2320395582795824,-4.854768576026866
TCS.NS,3.007269450812435,42.4498291015625,-0.9387901550905945,1.5954849093870411
EICHERMOT.NS,3.867671931313512,93.25,-1.193118756936737,2.1294902129490216
M&M.NS,4.219769792247882,42.89990234375,-1.6921832835235067,1.728789616863503
ICICIBANK.NS,2.854214762167467,8.4000244140625,-0.703773703994614,-1.3906718498815425
NAUKRI.NS,4.803950044127985,22.95001220703125,-2.5131348434411045,-1.4472866197300749
SONACOMS.NS,5.0400338045361925,11.024993896484375,-2.2014823920356705,10.49976765503412
SONATSOFTW.NS,5.649933396633652,7.25,-1.9933587939372424,-9.866362198094631
BIOCON.NS,4.532033271766736,9.324996948242188,-2.776007657180297,3.3992381847298705
CREDITACC.NS,5.174753955082536,33.29998779296875,-3.7498957290426724,-8.882204299356799
GUJGASLTD.NS,4.383857620370783,11.074996948242188,-2.52121517839516,-8.886084223321168
JSL.NS,5.812415110951006,14.57501220703125,0.5824679953272637,-2.458440736113983
NUVAMA.NS,6.785103117178425,128.0,-1.4848379226211224,11.346457817987163
JSWENERGY.NS,6.256865809689077,12.574996948242188,-2.402858709859922,-17.35105295994214
KOTAKBANK.NS,3.063741653916819,23.199951171875,-1.3782520078808402,4.63810690161866
BAJFINANCE.NS,3.9172906891435635,16.750030517578125,-2.3473259146886924,3.1185462064939635
TORNTPOWER.NS,4.791459896641109,33.8499755859375,-3.798744016789849,-1.866348405372677
BLS.NS,7.702918697522216,13.224990844726562,-6.9722050208959425,-15.273030622240336
USHAMART.NS,6.377053171549697,10.374984741210938,-3.726853264702691,-2.4967751028640235
JYOTHYLAB.NS,4.357004302813022,7.5749969482421875,-3.5498838565005917,-13.224804308987403
TATACONSUM.NS,3.0970576190210135,18.49993896484375,-1.9348180864762494,1.2069555375047694
KAYNES.NS,6.625612827082507,445.0,-10.083840588032619,-45.26323148989723
IRCTC.NS,4.597636319769036,11.024993896484375,-2.080863083376354,-9.600046534067385
INTELLECT.NS,6.892782392211437,25.800018310546875,-3.673893446635299,-4.1323126430974275
HDFCBANK.NS,2.765570060602092,8.29998779296875,-0.22924228256278553,3.5267323120197402
GPIL.NS,8.476248561226084,6.6450042724609375,-4.232849878513996,-14.760609409386719
ZEEL.NS,6.314381543815874,3.1599998474121094,-4.030769543770032,-19.647915717496584
REDINGTON.NS,5.64489500325122,6.0500030517578125,0.3162813408430233,-10.05238173637102
SKFINDIA.NS,5.433017873435069,65.70001220703125,-3.8864930044347727,-62.649478931947634
TITAGARH.NS,7.124060366181148,21.29998779296875,-4.131547568630226,-20.819591611641215
ASTERDM.NS,4.651272756343228,14.5,-3.0625022704387055,-5.364685886369246
BDL.NS,6.373095439188213,51.3499755859375,-6.922310821280991,-13.716592921462986
KEC.NS,5.320572314338234,17.07501220703125,-4.567413453469431,-22.439669906982164
POLYMED.NS,5.431039065019378,35.85003662109375,-2.6222909482397054,-7.358977353822295
SAILIFE.NS,5.155235084937095,17.750030517578125,-1.9237397136009515,-5.976034057035086
MARICO.NS,3.101388427586079,9.32501220703125,-1.5203979957700853,0.7359560665544644
BPCL.NS,3.7488049451779313,5.024993896484375,-1.0963035868107818,10.38225160990386
ZFCVINDIA.NS,4.200275046785852,339.0,-1.9874264854998986,9.509063444108762
GRAVITA.NS,6.691312958309006,36.949951171875,-1.4218009478672986,6.416273866586277
APOLLOTYRE.NS,4.66135092922081,8.375,0.5849051148852622,9.123063905199887
INFY.NS,3.337302405816631,20.25006103515625,-0.9775972797398169,5.499307399312179
NATCOPHARM.NS,4.854206978506535,34.0,-5.425231866262399,0.03373814963916984
GSPL.NS,4.848366406726318,4.649993896484375,-1.6535887445590165,-8.239221693527021
KEI.NS,5.036437382239602,71.9000244140625,-2.6660261798967215,-3.511904761904762
DCMSHRIRAM.NS,5.240888966984223,28.85003662109375,-2.3671081854496867,-4.775053895729719
JYOTICNC.NS,7.386224109793171,32.29998779296875,-3.9137309002663074,-4.256215073066228
LTTS.NS,4.520912305413344,86.5,-1.024988972752415,4.001821918523993
CGCL.NS,6.366687809500691,3.1149978637695312,-2.555691671869597,-3.409210046759152
BOSCHLTD.NS,3.4021401147164503,455.0,-0.9209100758396532,-8.067353606433777
RECLTD.NS,4.902179254671248,8.149993896484375,-4.019242054934407,-10.70513395922724
TATAELXSI.NS,4.6651078216809045,125.25,-3.9195016770483946,-12.398427260812582
CYIENT.NS,4.928859903072985,40.4000244140625,-2.950735668900864,-7.431676869256903
CRISIL.NS,4.2042736049557945,112.400146484375,-2.535225982494173,-12.74163526313385
GODFRYPHLP.NS,5.8839410183291845,84.85009765625,-5.1019340479887365,-26.027665557437587
BSOFT.NS,5.419186484671215,11.17498779296875,-0.8434416860738012,13.20667474797962
NUVOCO.NS,4.242841716383821,6.9999847412109375,-2.9189805434032277,-23.812719947194257
WELSPUNLIV.NS,5.897774065103173,3.8549957275390625,-3.363028123183629,4.629848354059824
IOC.NS,3.782521581360844,2.1949996948242188,-0.8187683660677209,9.306402238531145
MAZDOCK.NS,7.009461235448248,97.5499267578125,-6.9181667477731486,-18.236930538036017
AEGISVOPAK.NS,6.731038603783333,14.400001525878906,-9.052388076843636,-2.6271271023706344
TATATECH.NS,3.741145906591165,13.95001220703125,-3.0609984305507485,-10.81585228886041
NAVINFLUOR.NS,4.25797301892521,137.0,-4.807692307692308,14.739444702304672
HOMEFIRST.NS,5.048945303998349,32.4000244140625,1.7091740845869965,-12.301991692215427
BBTC.NS,5.085478428745464,31.4000244140625,-2.0372845810253986,-6.382977382131451
MAPMYINDIA.NS,5.379247454307118,26.25,-2.9837373646024274,-1.4396763379201774
HINDPETRO.NS,4.8184749071407635,6.70001220703125,-1.110247570164509,8.943352659843102
CASTROLIND.NS,4.23008347077057,3.5100021362304688,-2.4629982535735833,-7.941363352954143
LTIM.NS,4.298968814301922,103.25,-1.1999364272091546,13.27604961962805
PAYTM.NS,7.437888655920603,31.00006103515625,-2.84842536466078,10.966709396116936
TEJASNET.NS,7.681221416237645,17.800003051757812,-5.888901439430465,-23.880844831642577
TBOTEK.NS,6.323277395045287,42.29998779296875,-1.3597549370766726,-1.7165277610439136
TRENT.NS,4.856361347109884,83.6500244140625,-3.664747322542378,-20.67322738527313
COHANCE.NS,5.019624709801202,11.75,-3.42825103758643,-42.38508927414878
TATAINVEST.NS,6.632695794982142,27.725006103515625,0.3881439661256175,-3.013564644667765
APLAPOLLO.NS,5.006375860602527,33.75006103515625,-2.38283179965415,2.229322558480025
MSUMI.NS,4.005870203192824,1.2249984741210938,-3.135965686462325,-8.852664045761253
NLCINDIA.NS,5.925837851714075,7.3000030517578125,-3.383454908619992,-11.130743913925583
TMPV.NS,2.934007650702933,7.0250091552734375,-2.304862487501904,
PRAJIND.NS,5.811779970800012,8.124984741210938,-4.669887278582931,-23.90745501285347
AJANTPHARM.NS,3.6263323157809015,43.4000244140625,-0.6703095757744757,4.233318751105431
ECLERX.NS,5.633031787501816,104.25,-2.4274717153179566,10.411449265651402
SCHAEFFLER.NS,5.009863060499731,101.5499267578125,-3.8236330390225377,-8.750569325373903
NEWGEN.NS,6.161107692853597,30.0,-5.915813424345847,-9.666848716548335
SJVN.NS,4.953716170601377,1.9949989318847656,-4.657752075680463,-25.23027524788465
DIXON.NS,5.487947649368795,340.5,-2.1747036148083496,-26.005391428728615
HAPPSTMNDS.NS,5.298770131980851,10.449996948242188,-2.8531848753265963,-15.155398413136648
BERGEPAINT.NS,3.5611049985925742,12.475006103515625,-3.0027095426623083,1.1756960660337044
IPCALAB.NS,3.8209126259042776,30.20001220703125,-2.6865843210046862,-1.4642592356653366
NAM-INDIA.NS,4.30206537580982,26.75,-1.6584766584766584,-3.11968914722538
ENRIN.NS,4.225687721437418,105.7999267578125,-4.799559535065842,-14.148913838600283
ENGINERSIN.NS,5.2456798538437575,8.100006103515625,-5.747407040888662,-7.058163486407929
APTUS.NS,4.581047947665081,3.899993896484375,-1.437706118227064,-15.976501586401506
WOCKPHARMA.NS,7.008715531654437,37.39996337890625,-4.242643468520221,-13.508661017452075
AAVAS.NS,4.571458195379502,25.54998779296875,-0.8082276256267916,-11.109779617998687
AWL.NS,6.683197940387398,3.4250030517578125,-1.8394023335203058,-3.424797778743234
AFFLE.NS,5.100025210559149,39.60003662109375,-2.468155782886502,-25.76449579303539
FIVESTAR.NS,5.678775986855914,13.07501220703125,-2.591931145324948,5.169205731494107
KPITTECH.NS,5.914476070073038,32.45001220703125,-4.73559589581689,-6.084652516565262
VGUARD.NS,3.6540911013436093,6.6500091552734375,-2.7003358136420483,-10.965678547149718
GESHIP.NS,4.885969632931456,22.9000244140625,-2.3922984038439505,1.6271578262126707
BLUESTARCO.NS,4.730649391206376,27.10003662109375,-0.9282734870449857,-12.50127273122838
ASAHIINDIA.NS,4.83495012270035,36.70001220703125,-2.278255664990849,14.23856591137106
VTL.NS,5.41226051744532,6.625,-1.5485916523683483,-0.035201571071542266
IGL.NS,4.712143359536633,5.43499755859375,-3.905112290922572,-14.32622443392185
SUNDRMFAST.NS,3.41611639945235,21.9749755859375,-3.331744284296826,-11.901398267496345
IKS.NS,4.702226103622834,38.39996337890625,-4.151978652165654,1.3368421126958694
KPRMILL.NS,5.269554539719017,26.850006103515625,-2.7506113153561493,-15.779256543354592
SCHNEIDER.NS,6.706058764840164,14.425018310546875,-2.1832917831994347,-17.316427869364563
SWIGGY.NS,6.203050983628373,10.0,-3.397564427955185,-16.893883770267113
PREMIERENE.NS,6.322509696310419,28.550018310546875,-3.6103087713050965,-17.464094748759035
ACC.NS,3.8528615273471054,18.45001220703125,-0.6895730553028359,-4.965139054334769
SWANCORP.NS,7.176142908497458,9.775009155273438,-1.9019915229555495,-10.209940298057807
CLEAN.NS,4.577360696738524,11.874969482421875,-0.6080697543081487,-25.072154124442914
ADANIENT.NS,7.275170368261877,40.5999755859375,-2.6926813202777256,-12.662444439629555
ERIS.NS,3.7636754140476443,38.20001220703125,1.7593639032795907,-3.6960219863556123
DEEPAKNTR.NS,4.718411893800607,30.45001220703125,-2.4792877255616634,-15.262778038348888
PVRINOX.NS,4.064613962955456,40.0,-3.1622364802933087,-5.323059693026918
TATACOMM.NS,4.2328574072778995,39.64996337890625,-2.170957281900192,6.744239725682415
MAHSCOOTER.NS,4.019715900368838,347.5,-3.909578122852824,-20.629965947786605
SCI.NS,6.913668197661024,6.834999084472656,-4.740374910545297,1.9499801160189516
KIRLOSBROS.NS,7.226240363559623,54.60003662109375,-4.606706361642118,-25.92232416730655
ELGIEQUIP.NS,6.688910878428958,14.375,-4.023561179640923,-3.937246320919517
RITES.NS,5.436113712268128,5.390007019042969,-4.4103591387914705,-18.83751847865623
RCF.NS,6.7449547896010635,4.8050079345703125,-5.732797432732213,-12.311242122301309
HONAUT.NS,3.7653844049842453,635.0,-1.776758847972489,-7.900040306328093
RELINFRA.NS,9.402010500116665,4.024993896484375,-8.215374676684018,-44.96124031007752
ITI.NS,7.77576644909946,11.099990844726562,-1.0610119835120084,-6.851884435406716
AIIL.NS,7.864706618949484,61.5999755859375,-2.941731334399074,-18.883680012928547
ESCORTS.NS,4.228352613758069,86.300048828125,-2.5169070791901444,-1.9142673947791071
POWERGRID.NS,3.4447425642866847,3.524993896484375,-2.001480408008048,-6.0629522908262
VIJAYA.NS,5.473398715617547,18.22503662109375,-0.7617830821233792,-4.5656534373252216
